scenario,level,agent,seed,sample,total_return,sharpe,max_drawdown,execution_fill_rate,total_slippage_cost,turnover_events
calm,E0_ideal,buy-and-hold,1,0,0.09855041346154736,20.2800460581701,-0.0020686777648989407,1.0,14.978913720423348,24
calm,E0_ideal,buy-and-hold,2,0,0.09844345809878097,24.307141534008217,0.0,1.0,14.960808422860417,24
calm,E0_ideal,buy-and-hold,3,0,0.08566876305685445,18.09033932420265,-0.0015185629874537865,1.0,15.234026743392988,24
calm,E0_ideal,buy-and-hold,4,0,0.08678323547268096,23.375091026866254,-0.001334926363622757,1.0,15.119050981875159,22
calm,E0_ideal,buy-and-hold,5,0,0.08771896609077001,28.81274756088492,0.0,1.0,14.730459146018312,23
calm,E0_ideal,buy-and-hold,6,0,0.11688673938025307,24.654767531222536,-0.001953454727363857,1.0,14.93197063719618,22
calm,E0_ideal,buy-and-hold,7,0,0.07295511530585519,17.319149709819364,-0.006347634504755617,1.0,14.947766925732786,23
calm,E0_ideal,buy-and-hold,8,0,0.06991999638995616,25.336808221299382,0.0,1.0,14.748846237787822,23
calm,E0_ideal,buy-and-hold,9,0,0.10042930304557296,23.022733998131123,0.0,1.0,15.001697528603422,23
calm,E0_ideal,buy-and-hold,10,0,0.11497396156780115,28.608405349154744,-0.005014687897026415,1.0,15.240792135397582,22
calm,E0_ideal,signal-weighted,1,0,0.022515378530180152,6.112076846155048,-0.0012883228958850967,1.0,27.925811152608883,12
calm,E0_ideal,signal-weighted,2,0,0.02031268360974181,5.645156198660219,-7.481011200194398e-05,1.0,14.10875360211811,10
calm,E0_ideal,signal-weighted,3,0,0.023322420221814077,10.259571476111068,-3.353848497111844e-05,1.0,40.00814752016443,14
calm,E0_ideal,signal-weighted,4,0,0.014548446963162487,6.407814114912156,-0.001949085136512596,1.0,41.955848814880966,14
calm,E0_ideal,signal-weighted,5,0,0.016759559135384627,7.628449060606908,-3.3538484971229465e-05,1.0,14.02702380177763,10
calm,E0_ideal,signal-weighted,6,0,0.027414284932017585,11.01690020168857,-3.353848497111844e-05,1.0,42.36514381813163,14
calm,E0_ideal,signal-weighted,7,0,0.014834789489644118,6.682010161133088,-3.3538484971229465e-05,1.0,12.032623421493312,10
calm,E0_ideal,signal-weighted,8,0,0.010570647286154866,11.246827345369343,-0.00010500700000004581,1.0,27.528315809699457,12
calm,E0_ideal,signal-weighted,9,0,0.022875052940449336,9.887353872204377,-0.00010500700000004581,1.0,28.165204842866682,12
calm,E0_ideal,signal-weighted,10,0,0.029657832817864938,9.135819369768392,-0.00010500700000004581,1.0,28.334570713069727,12
calm,E0_ideal,naive-momentum,1,0,0.0802636784748012,17.069448538091677,-0.0020677706415853647,1.0,24.533683973794393,21
calm,E0_ideal,naive-momentum,2,0,0.09097204619327748,21.155801744492887,-0.0002100139999999806,1.0,19.526882673293954,22
calm,E0_ideal,naive-momentum,3,0,0.06428873333671614,16.156361131159542,-0.001529942786711147,1.0,35.918530419965336,22
calm,E0_ideal,naive-momentum,4,0,0.06906933135347604,17.49032089635358,-0.0017407896021852665,1.0,24.868419482520643,19
calm,E0_ideal,naive-momentum,5,0,0.07897852058980437,24.637452989489095,-0.00010500700000004581,1.0,14.555058598858775,20
calm,E0_ideal,naive-momentum,6,0,0.10292880379000291,19.912327678050836,-0.0021632651192563523,1.0,14.84389927565091,20
calm,E0_ideal,naive-momentum,7,0,0.06547991536032094,19.87329843455055,-0.00010500700000004581,1.0,16.765072905258613,17
calm,E0_ideal,naive-momentum,8,0,0.05514584680840251,21.926610084321503,-0.00010500700000004581,1.0,19.97697323989621,20
calm,E0_ideal,naive-momentum,9,0,0.09014617662625013,19.22863092737827,-0.00010500700000004581,1.0,19.5193089483259,20
calm,E0_ideal,naive-momentum,10,0,0.09962407288673969,21.442413445753107,-0.005760573745104969,1.0,24.26255809455507,22
calm,E0_ideal,mean-reversion,1,0,0.0,0.0,0.0,0.0,0.0,0
calm,E0_ideal,mean-reversion,2,0,0.0,0.0,0.0,0.0,0.0,0
calm,E0_ideal,mean-reversion,3,0,0.0,0.0,0.0,0.0,0.0,0
calm,E0_ideal,mean-reversion,4,0,0.003137625068562633,4.614036594276575,-0.00010500700000004581,1.0,14.06697259180846,2
calm,E0_ideal,mean-reversion,5,0,0.004192598871948672,5.154794709381822,-0.00010500700000004581,1.0,14.088078399194263,3
calm,E0_ideal,mean-reversion,6,0,0.0,0.0,0.0,0.0,0.0,0
calm,E0_ideal,mean-reversion,7,0,0.0038336241653520453,1.6446519744987966,-0.006455012009267236,1.0,14.283455432846473,5
calm,E0_ideal,mean-reversion,8,0,0.006763901892481883,6.491511997444503,-0.00010500700000004581,1.0,14.139519891027229,3
calm,E0_ideal,mean-reversion,9,0,0.004724603610527067,4.671043678210547,-0.00010500700000004581,1.0,14.098721686744316,2
calm,E0_ideal,mean-reversion,10,0,0.0,0.0,0.0,0.0,0.0,0
calm,E0_ideal,risk-parity,1,0,0.09488550634329806,19.698226049668346,-0.002068841525220244,1.0,25.601857106842573,24
calm,E0_ideal,risk-parity,2,0,0.0979058936538506,24.522676242042728,0.0,1.0,15.793531311336027,24
calm,E0_ideal,risk-parity,3,0,0.07898976372455802,19.345372519380366,-0.0015185629875936746,1.0,25.865156911209564,24
calm,E0_ideal,risk-parity,4,0,0.08643737586672873,23.449803322426273,-0.0013330707741064929,1.0,17.1030113547672,22
calm,E0_ideal,risk-parity,5,0,0.08453032330875598,28.512905897540218,0.0,1.0,21.394977631300215,24
calm,E0_ideal,risk-parity,6,0,0.11688673938025307,24.654767531222536,-0.001953454727363857,1.0,14.93197063719618,22
calm,E0_ideal,risk-parity,7,0,0.06471379595785387,16.429408622269108,-0.0064091194337121404,1.0,25.32727648684973,22
calm,E0_ideal,risk-parity,8,0,0.06838154599756607,25.563916051760586,0.0,1.0,21.543118432639222,24
calm,E0_ideal,risk-parity,9,0,0.09823912912207744,21.623646839250913,-0.0005354956875145422,1.0,23.016617091477706,23
calm,E0_ideal,risk-parity,10,0,0.1049982620755332,27.33083727643379,-0.005153922558185142,1.0,21.36589658960684,23
calm,E0_ideal,minimum-variance,1,0,0.09855041346154736,20.2800460581701,-0.0020686777648989407,1.0,14.978913720423348,24
calm,E0_ideal,minimum-variance,2,0,0.09844345809878097,24.307141534008217,0.0,1.0,14.960808422860417,24
calm,E0_ideal,minimum-variance,3,0,0.08566876305685445,18.09033932420265,-0.0015185629874537865,1.0,15.234026743392988,24
calm,E0_ideal,minimum-variance,4,0,0.08678323547268096,23.375091026866254,-0.001334926363622757,1.0,15.119050981875159,22
calm,E0_ideal,minimum-variance,5,0,0.08771896609077001,28.81274756088492,0.0,1.0,14.730459146018312,23
calm,E0_ideal,minimum-variance,6,0,0.11610761216411314,24.05563297043367,-0.0026500860429399253,1.0,20.983590514880007,22
calm,E0_ideal,minimum-variance,7,0,0.07306348104737581,17.37209279706166,-0.006347634504755617,1.0,16.043895838530812,23
calm,E0_ideal,minimum-variance,8,0,0.06991999638995616,25.336808221299382,0.0,1.0,14.748846237787822,23
calm,E0_ideal,minimum-variance,9,0,0.10042930304557296,23.022733998131123,0.0,1.0,15.001697528603422,23
calm,E0_ideal,minimum-variance,10,0,0.11488182306990047,28.580170590160527,-0.005014687897026415,1.0,15.547645993715816,22
calm,E0_ideal,random,1,0,0.05310102500079128,12.188215255956015,-0.0027436994723426533,1.0,81.29089981756012,21
calm,E0_ideal,random,2,0,0.07671065607433669,19.642803261350394,-0.0002100139999999806,1.0,49.45119111630684,24
calm,E0_ideal,random,3,0,0.05692689080488833,15.696800179306555,-0.0015653915514315386,1.0,89.01898919223349,24
calm,E0_ideal,random,4,0,0.07069616228390241,16.509271461697388,-0.0013349492111960348,1.0,71.70084623538726,22
calm,E0_ideal,random,5,0,0.04596942518932634,15.236720052785644,-0.0002100139999999806,1.0,101.82132368659231,24
calm,E0_ideal,random,6,0,0.07925948525204496,15.600731713699918,-0.003477163880880374,1.0,82.1730046323568,22
calm,E0_ideal,random,7,0,0.03929143811196223,11.271016644370624,-0.0011362635350349315,1.0,106.55384881578554,22
calm,E0_ideal,random,8,0,0.05061547355655405,18.985576006485108,-0.0001983907383863448,1.0,82.47699936136921,24
calm,E0_ideal,random,9,0,0.0746756748492472,20.23643566044417,-0.0001589369792673878,1.0,69.93202553848762,23
calm,E0_ideal,random,10,0,0.07400003417200307,18.268263164445834,-0.003044205118839849,1.0,50.48968183697433,18
calm,E0_ideal,memory-aware,1,0,0.022515378530180152,6.112076846155048,-0.0012883228958850967,1.0,27.925811152608883,12
calm,E0_ideal,memory-aware,2,0,0.02031268360974181,5.645156198660219,-7.481011200194398e-05,1.0,14.10875360211811,10
calm,E0_ideal,memory-aware,3,0,0.023322420221814077,10.259571476111068,-3.353848497111844e-05,1.0,40.00814752016443,14
calm,E0_ideal,memory-aware,4,0,0.014548446963162487,6.407814114912156,-0.001949085136512596,1.0,41.955848814880966,14
calm,E0_ideal,memory-aware,5,0,0.016759559135384627,7.628449060606908,-3.3538484971229465e-05,1.0,14.02702380177763,10
calm,E0_ideal,memory-aware,6,0,0.027414284932017585,11.01690020168857,-3.353848497111844e-05,1.0,42.36514381813163,14
calm,E0_ideal,memory-aware,7,0,0.014834789489644118,6.682010161133088,-3.3538484971229465e-05,1.0,12.032623421493312,10
calm,E0_ideal,memory-aware,8,0,0.010570647286154866,11.246827345369343,-0.00010500700000004581,1.0,27.528315809699457,12
calm,E0_ideal,memory-aware,9,0,0.022875052940449336,9.887353872204377,-0.00010500700000004581,1.0,28.165204842866682,12
calm,E0_ideal,memory-aware,10,0,0.029657832817864938,9.135819369768392,-0.00010500700000004581,1.0,28.334570713069727,12
calm,E0_ideal,deepseek:deepseek-v4-pro+mem,1,0,0.04580187150426185,10.519630184070659,-0.00015601040000012834,1.0,16.285252172399296,10
calm,E0_ideal,deepseek:deepseek-v4-pro+mem,2,0,0.07127016519471052,19.175481703609318,-0.0003410499151161872,1.0,44.17244691262015,20
calm,E0_ideal,deepseek:deepseek-v4-pro+mem,3,0,0.02311041438462902,10.616457778912551,-7.800519999989763e-05,1.0,36.564716873741325,8
calm,E0_ideal,deepseek:deepseek-v4-pro+mem,4,0,0.003986809281091297,4.9731893298908085,-0.000314622618885374,1.0,28.083944341522916,6
calm,E0_ideal,deepseek:deepseek-v4-pro+mem,5,0,0.07630611237868923,21.51387928788804,-0.00021001400000009163,1.0,28.610105316844816,19
calm,E0_ideal,deepseek:deepseek-v4-pro+mem,6,0,0.10457438265085539,19.37420695062968,-0.003756110712609395,1.0,42.94448181677441,21
calm,E0_ideal,deepseek:deepseek-v4-pro+mem,7,0,0.009168753091332915,10.111000491044965,-8.220716292706154e-05,1.0,32.654132759707245,7
calm,E0_ideal,deepseek:deepseek-v4-pro+mem,8,0,0.0038786930671386166,4.646354110190445,-0.00010500700000004581,1.0,14.08179839922495,2
calm,E0_ideal,deepseek:deepseek-v4-pro+mem,9,0,0.00751544331202747,7.051721698311784,0.0,1.0,14.152438671309623,3
calm,E0_ideal,deepseek:deepseek-v4-pro+mem,10,0,0.002099554953670646,1.2822642775736925,-0.0042281754209235745,1.0,23.592731192021773,4
calm,E1_default_stress,buy-and-hold,1,0,0.09021745576919415,14.963049026695273,-0.002213411528830367,0.9166666666666666,644.756562422916,22
calm,E1_default_stress,buy-and-hold,2,0,0.09089624945977737,16.612843037810443,-0.0012307564478712951,0.8695652173913043,493.30591389501467,20
calm,E1_default_stress,buy-and-hold,3,0,0.0778437857171379,13.615869523845298,-0.0019803826581313855,0.9,479.90188178398364,18
calm,E1_default_stress,buy-and-hold,4,0,0.0945662158108489,20.760691107380506,-0.00171984628026578,0.875,690.1633713546535,21
calm,E1_default_stress,buy-and-hold,5,0,0.09756283820251332,18.757801949229794,-0.0012258952895094488,0.875,566.2336238511687,21
calm,E1_default_stress,buy-and-hold,6,0,0.10144317607292241,16.37692678343385,-0.003298967239055761,0.875,703.8318483814356,21
calm,E1_default_stress,buy-and-hold,7,0,0.06158020619441107,13.83757910464821,-0.007774000273097381,0.8333333333333334,506.0411797153175,20
calm,E1_default_stress,buy-and-hold,8,0,0.07175220733825305,15.356581807031192,-0.0015674496539717087,0.8333333333333334,472.8726792821443,20
calm,E1_default_stress,buy-and-hold,9,0,0.09853275118308424,17.9548959588985,-0.0014355003114725484,0.8695652173913043,645.0294004683731,20
calm,E1_default_stress,buy-and-hold,10,0,0.10087096035446108,18.63695426396896,-0.00444319460547693,0.9047619047619048,601.1450007108823,19
calm,E1_default_stress,signal-weighted,1,0,0.010887712640142322,5.240011172724808,-0.004927223147941473,0.7692307692307693,314.1204235009878,10
calm,E1_default_stress,signal-weighted,2,0,0.0063338365518215145,5.4781491166969705,-0.0002474857416309151,0.8,195.12319270372166,8
calm,E1_default_stress,signal-weighted,3,0,0.01834406700522062,4.489330379850359,-0.0057302819737387045,0.75,453.71318531327745,12
calm,E1_default_stress,signal-weighted,4,0,0.01239663150108039,11.892588072430106,-0.000789622268276835,0.75,391.7876599410322,12
calm,E1_default_stress,signal-weighted,5,0,0.008804884148415626,8.59982292805233,-0.00024820823267479586,0.8,177.13126951100062,8
calm,E1_default_stress,signal-weighted,6,0,0.009592548671565782,5.314098676233228,-0.005117740040752716,0.75,457.382186064501,12
calm,E1_default_stress,signal-weighted,7,0,0.007514761490911459,7.267600344998659,-0.00024028534316400396,0.8,155.99914234022552,8
calm,E1_default_stress,signal-weighted,8,0,0.011636823332826562,8.450304387604023,-0.0008055715574222244,0.7692307692307693,224.98011739293383,10
calm,E1_default_stress,signal-weighted,9,0,0.004800863672701272,2.756645232772313,-0.006495513005644771,0.7692307692307693,318.81237752352155,10
calm,E1_default_stress,signal-weighted,10,0,0.012219309429148062,4.531914514406557,-0.007287896670595262,0.7692307692307693,441.32905729416365,10
calm,E1_default_stress,naive-momentum,1,0,0.07683460583915291,13.014519952643932,-0.006367185810631115,0.8636363636363636,533.5819867495065,19
calm,E1_default_stress,naive-momentum,2,0,0.0863944791229112,15.060764531954167,-0.0012573871025477468,0.8636363636363636,679.0022867833292,19
calm,E1_default_stress,naive-momentum,3,0,0.06907229285927641,12.891842365776025,-0.001731237673967878,0.8636363636363636,763.3914390814866,19
calm,E1_default_stress,naive-momentum,4,0,0.052139037057084,12.683608390631658,-0.002707553742869462,0.8571428571428571,675.2433898875788,18
calm,E1_default_stress,naive-momentum,5,0,0.08103511628698756,20.254331127913314,-0.0006962333397607656,0.9,731.1678427711552,18
calm,E1_default_stress,naive-momentum,6,0,0.10513711367732403,18.737719682968123,-0.0023872830147585455,0.8181818181818182,494.9785572493964,18
calm,E1_default_stress,naive-momentum,7,0,0.04323577335617701,19.12046115596291,-0.0004508879667421972,0.7777777777777778,577.4774554357369,14
calm,E1_default_stress,naive-momentum,8,0,0.04553437276424699,13.539992031275562,-0.0008055715574222244,0.9,641.4230170720704,18
calm,E1_default_stress,naive-momentum,9,0,0.0839200533153428,13.716631713907821,-0.0067789253432015695,0.9047619047619048,704.7075734641429,19
calm,E1_default_stress,naive-momentum,10,0,0.08908822429402208,13.460886128214787,-0.007625538154079403,0.8636363636363636,823.8448629768521,19
calm,E1_default_stress,mean-reversion,1,0,0.0,0.0,0.0,0.0,0.0,0
calm,E1_default_stress,mean-reversion,2,0,0.0,0.0,0.0,0.0,0.0,0
calm,E1_default_stress,mean-reversion,3,0,0.0,0.0,0.0,0.0,0.0,0
calm,E1_default_stress,mean-reversion,4,0,0.00798896089494816,5.983456640901446,-0.000817982039075571,0.6666666666666666,177.49876983594362,2
calm,E1_default_stress,mean-reversion,5,0,0.008615319137745603,8.158782166850726,-0.0005427854267545662,0.8,249.07708645371827,4
calm,E1_default_stress,mean-reversion,6,0,0.0,0.0,0.0,0.0,0.0,0
calm,E1_default_stress,mean-reversion,7,0,0.017450291361641224,5.5100171524128685,-0.003005135250363722,0.8333333333333334,327.628872676475,5
calm,E1_default_stress,mean-reversion,8,0,0.001618612815375453,1.6979057451897688,-0.0018554533815386964,0.8,181.40034861127265,4
calm,E1_default_stress,mean-reversion,9,0,0.005051688454822401,5.7869682778812,-0.0008175975643821554,0.6666666666666666,151.10145611397138,2
calm,E1_default_stress,mean-reversion,10,0,0.0,0.0,0.0,0.0,0.0,0
calm,E1_default_stress,risk-parity,1,0,0.08306238258388698,15.90877522769967,-0.002905871518184111,0.9166666666666666,488.37180623105496,22
calm,E1_default_stress,risk-parity,2,0,0.10230394749562399,16.597218264794066,-0.0012307564478712951,0.875,630.9109282924645,21
calm,E1_default_stress,risk-parity,3,0,0.06402166794261999,10.45301948470485,-0.0032123870193786486,0.875,704.6140841132179,21
calm,E1_default_stress,risk-parity,4,0,0.07686725810032691,14.28820345650534,-0.002747350512122937,0.875,651.9236619292451,21
calm,E1_default_stress,risk-parity,5,0,0.083076095383664,20.149103863814474,-0.0012258952895094488,0.875,523.5325668991711,21
calm,E1_default_stress,risk-parity,6,0,0.0972932498855772,15.778980361802098,-0.006020405440041898,0.875,673.3083685153847,21
calm,E1_default_stress,risk-parity,7,0,0.05833814442413332,14.00106618876296,-0.00743793802575643,0.8333333333333334,675.653728608963,20
calm,E1_default_stress,risk-parity,8,0,0.06550674398314471,14.987619275413314,-0.0015674496539717087,0.875,639.4025737389932,21
calm,E1_default_stress,risk-parity,9,0,0.07618622987075696,15.722972413434384,-0.004760467507693877,0.8695652173913043,738.6896186636443,20
calm,E1_default_stress,risk-parity,10,0,0.09339265749674786,14.377953981129687,-0.010253726143923947,0.875,897.6264000521968,21
calm,E1_default_stress,minimum-variance,1,0,0.08394916964880683,14.604325379648365,-0.005883207014064418,0.9166666666666666,574.4594104890068,22
calm,E1_default_stress,minimum-variance,2,0,0.10300228828159419,16.48685537516158,-0.0012307564478712951,0.875,625.487308280878,21
calm,E1_default_stress,minimum-variance,3,0,0.07804288724212816,12.084904763931469,-0.00193671190489475,0.8695652173913043,599.5463782562075,20
calm,E1_default_stress,minimum-variance,4,0,0.07725079418675374,14.063452553987167,-0.002744330291306385,0.8333333333333334,617.032804082044,20
calm,E1_default_stress,minimum-variance,5,0,0.08843216748187133,19.238672435702952,-0.0012258952895094488,0.8333333333333334,584.0723470239858,20
calm,E1_default_stress,minimum-variance,6,0,0.08686524323635036,15.802366918996114,-0.006254317462687564,0.875,790.3105421342477,21
calm,E1_default_stress,minimum-variance,7,0,0.06969548526614977,16.405038860931377,-0.00743793802575643,0.875,566.8405683889354,21
calm,E1_default_stress,minimum-variance,8,0,0.07043545081358982,14.892171395885258,-0.0015674496539717087,0.875,560.6512689820829,21
calm,E1_default_stress,minimum-variance,9,0,0.09452837307897677,14.685441411278301,-0.0025318051724231294,0.8695652173913043,593.3933627671252,20
calm,E1_default_stress,minimum-variance,10,0,0.1006398476755368,14.845180965108453,-0.01021576606938479,0.8636363636363636,840.4462205857698,19
calm,E1_default_stress,random,1,0,0.034164827720350344,8.012941083960015,-0.006367819455822987,0.8333333333333334,538.2383270911755,15
calm,E1_default_stress,random,2,0,0.0797831757759675,17.32434849676071,-0.0007721568811510648,0.9090909090909091,623.3095832785743,20
calm,E1_default_stress,random,3,0,0.05114706219775078,9.184047508614274,-0.0013457787217434625,0.8333333333333334,1066.1695259407595,20
calm,E1_default_stress,random,4,0,0.04921086026367538,9.717641868567462,-0.0028826386728125764,0.8181818181818182,806.12701178371,18
calm,E1_default_stress,random,5,0,0.03386306240156611,12.118571813006872,-0.0012258952895094488,0.8181818181818182,882.6372126628075,18
calm,E1_default_stress,random,6,0,0.06399843976819719,14.446798313586298,-0.0032984283281506377,0.9130434782608695,829.8251386461471,21
calm,E1_default_stress,random,7,0,0.035453380258514855,8.735240313391767,-0.0068718417700183165,0.8571428571428571,740.5903544176044,18
calm,E1_default_stress,random,8,0,0.04839034699583,10.829690382486913,-0.0011134608069002239,0.8636363636363636,691.8541871464524,19
calm,E1_default_stress,random,9,0,0.07545130166702085,15.167123744484147,-0.0013064701407050627,0.9130434782608695,887.626195017402,21
calm,E1_default_stress,random,10,0,0.07298375803013846,11.8169497792397,-0.010542295620235564,0.8636363636363636,970.7580331078383,19
calm,E1_default_stress,memory-aware,1,0,0.010887712640142322,5.240011172724808,-0.004927223147941473,0.7692307692307693,314.1204235009878,10
calm,E1_default_stress,memory-aware,2,0,0.0063338365518215145,5.4781491166969705,-0.0002474857416309151,0.8,195.12319270372166,8
calm,E1_default_stress,memory-aware,3,0,0.018560333580677435,4.540670628037293,-0.0057302819737387045,0.75,450.956598442198,12
calm,E1_default_stress,memory-aware,4,0,0.01239663150108039,11.892588072430106,-0.000789622268276835,0.75,391.7876599410322,12
calm,E1_default_stress,memory-aware,5,0,0.008804884148415626,8.59982292805233,-0.00024820823267479586,0.8,177.13126951100062,8
calm,E1_default_stress,memory-aware,6,0,0.009592548671565782,5.314098676233228,-0.005117740040752716,0.75,457.382186064501,12
calm,E1_default_stress,memory-aware,7,0,0.007514761490911459,7.267600344998659,-0.00024028534316400396,0.8,155.99914234022552,8
calm,E1_default_stress,memory-aware,8,0,0.011636823332826562,8.450304387604023,-0.0008055715574222244,0.7692307692307693,224.98011739293383,10
calm,E1_default_stress,memory-aware,9,0,0.004800863672701272,2.756645232772313,-0.006495513005644771,0.7692307692307693,318.81237752352155,10
calm,E1_default_stress,memory-aware,10,0,0.012219309429148062,4.531914514406557,-0.007287896670595262,0.7692307692307693,441.32905729416365,10
calm,E1_default_stress,deepseek:deepseek-v4-pro+mem,1,0,0.014691519087005389,6.158757365806136,-0.001390612770318933,0.8333333333333334,303.4865504830211,5
calm,E1_default_stress,deepseek:deepseek-v4-pro+mem,2,0,0.07901263534922198,13.542117611797613,-0.0012307564478712951,0.75,435.72785480346835,15
calm,E1_default_stress,deepseek:deepseek-v4-pro+mem,3,0,-0.0024026481307530823,-7.469254127984389,-0.0024026481307530823,0.75,258.3289595052454,3
calm,E1_default_stress,deepseek:deepseek-v4-pro+mem,4,0,0.06599619204199159,13.257103124749303,-0.0017909688717270278,0.85,788.5055494057858,17
calm,E1_default_stress,deepseek:deepseek-v4-pro+mem,5,0,0.07355905499641557,16.23525323318965,-0.0006962333397607656,0.9047619047619048,774.0443867160029,19
calm,E1_default_stress,deepseek:deepseek-v4-pro+mem,6,0,0.07548834838532148,11.230680486904285,-0.003728902274806156,0.8095238095238095,919.2758005939755,17
calm,E1_default_stress,deepseek:deepseek-v4-pro+mem,7,0,0.011362469032607292,6.998042196581117,-0.0008240556528973375,0.6666666666666666,167.68876873543766,4
calm,E1_default_stress,deepseek:deepseek-v4-pro+mem,8,0,0.006128145743288904,5.002590387437988,-0.0008055715574222244,0.6666666666666666,112.75925894348616,2
calm,E1_default_stress,deepseek:deepseek-v4-pro+mem,9,0,-0.005166188319087661,-3.695490815743123,-0.007714782345323079,0.8,282.8778788498758,4
calm,E1_default_stress,deepseek:deepseek-v4-pro+mem,10,0,0.09502064807747579,14.427396784796287,-0.01028735092810118,0.8636363636363636,910.9616530349434,19
calm,E2_harsh_corner,buy-and-hold,1,0,0.07239167310109096,11.853212271777886,-0.005392309639492332,0.5,588.7142644896419,12
calm,E2_harsh_corner,buy-and-hold,2,0,0.06053477793325723,13.922986850608222,-0.0030790207032564965,0.5,591.2976855688203,12
calm,E2_harsh_corner,buy-and-hold,3,0,0.04866004417323211,8.907093818763624,-0.0037216758995672894,0.5,627.3262653214673,12
calm,E2_harsh_corner,buy-and-hold,4,0,0.06920395765878262,12.499650996909347,-0.0038613550339621217,0.5,485.2157809734238,12
calm,E2_harsh_corner,buy-and-hold,5,0,0.06625014659503514,18.49427528939476,-0.0024145606002971,0.5217391304347826,586.4821774721663,12
calm,E2_harsh_corner,buy-and-hold,6,0,0.10741038488454491,16.49995848535447,-0.001879083178372487,0.5,588.3521462694895,12
calm,E2_harsh_corner,buy-and-hold,7,0,0.07495515905509231,15.424562384140629,-0.0020926805791366965,0.5416666666666666,474.3095529543402,13
calm,E2_harsh_corner,buy-and-hold,8,0,0.04120277882477974,12.585666527244518,-0.0025154942477964015,0.5,535.4904624370179,12
calm,E2_harsh_corner,buy-and-hold,9,0,0.08312679153868818,14.674755776844329,-0.002346880909325555,0.5416666666666666,532.4659398462334,13
calm,E2_harsh_corner,buy-and-hold,10,0,0.09896170732289278,20.073236286685205,-0.002217477489600106,0.5,546.9980341295156,12
calm,E2_harsh_corner,signal-weighted,1,0,0.01219001313772039,9.136093297507319,-0.0010075974954826261,0.3076923076923077,275.3068316361015,4
calm,E2_harsh_corner,signal-weighted,2,0,0.002162315900818612,4.263663875307134,-0.00023111870134173707,0.4,76.06176083783829,4
calm,E2_harsh_corner,signal-weighted,3,0,0.02443171921201337,6.098207218528862,-0.001620652991386029,0.29411764705882354,455.27501868025473,5
calm,E2_harsh_corner,signal-weighted,4,0,0.031097666551059833,8.767347380358386,-0.0014808304666337202,0.29411764705882354,426.30170949430345,5
calm,E2_harsh_corner,signal-weighted,5,0,0.0008829999297337299,2.997473531550313,-0.0004214087811549305,0.4,85.63342154352132,4
calm,E2_harsh_corner,signal-weighted,6,0,0.03958812137116907,10.047790640060809,-0.000925686143948945,0.29411764705882354,472.48135479716524,5
calm,E2_harsh_corner,signal-weighted,7,0,0.001230684480920674,3.4915536222137926,-0.00037677124879587076,0.4,89.45589069111861,4
calm,E2_harsh_corner,signal-weighted,8,0,0.01357504741836113,10.244118865955606,-0.0007700537841730526,0.3076923076923077,212.07261007711722,4
calm,E2_harsh_corner,signal-weighted,9,0,0.018495294695334952,9.700775254345626,-0.000937371659219477,0.3076923076923077,232.97669088450732,4
calm,E2_harsh_corner,signal-weighted,10,0,0.024337126128349373,9.61768238214849,-0.0018109613282489834,0.3076923076923077,401.51316548009083,4
calm,E2_harsh_corner,naive-momentum,1,0,0.07320912351433817,14.350000436451554,-0.001381528869135784,0.5,494.2728474500364,11
calm,E2_harsh_corner,naive-momentum,2,0,0.05735434101513315,12.296633891913514,-0.0026223419563612405,0.5,580.0040539575158,11
calm,E2_harsh_corner,naive-momentum,3,0,0.05683175826078313,9.539325466555107,-0.00388104172249093,0.5,521.4520093907371,11
calm,E2_harsh_corner,naive-momentum,4,0,0.07912994321452427,11.29362183141446,-0.00153446332718421,0.5238095238095238,842.6921101282061,11
calm,E2_harsh_corner,naive-momentum,5,0,0.05869403426285924,11.084506725667149,-0.0014432840777296452,0.5,801.3078845816987,10
calm,E2_harsh_corner,naive-momentum,6,0,0.1061245206177508,15.120972819364724,-0.0023427567010675387,0.5,582.342949063185,11
calm,E2_harsh_corner,naive-momentum,7,0,0.08993575041122481,13.69908929058843,-0.0009276470313110963,0.6111111111111112,1026.1652037913539,11
calm,E2_harsh_corner,naive-momentum,8,0,0.05918979582238637,15.243352502025648,-0.0007700537841730526,0.5,955.1409823091108,10
calm,E2_harsh_corner,naive-momentum,9,0,0.09649802761006132,14.63005774890433,-0.000937371659219477,0.47619047619047616,675.4695309221121,10
calm,E2_harsh_corner,naive-momentum,10,0,0.09935163815123693,15.898237716693227,-0.00283806808933873,0.5,713.1488736918171,11
calm,E2_harsh_corner,mean-reversion,1,0,0.0,0.0,0.0,0.0,0.0,0
calm,E2_harsh_corner,mean-reversion,2,0,0.0,0.0,0.0,0.0,0.0,0
calm,E2_harsh_corner,mean-reversion,3,0,0.0,0.0,0.0,0.0,0.0,0
calm,E2_harsh_corner,mean-reversion,4,0,0.00981000627206674,4.116395098104764,-0.003110530225062247,0.4,222.0124264785233,2
calm,E2_harsh_corner,mean-reversion,5,0,0.03522904163343199,10.038320735050824,-0.0009965597203123178,0.5714285714285714,487.4215127304624,4
calm,E2_harsh_corner,mean-reversion,6,0,0.0,0.0,0.0,0.0,0.0,0
calm,E2_harsh_corner,mean-reversion,7,0,0.026185891213829526,6.618471117525019,-0.007863042499316908,0.5555555555555556,624.1269453557159,5
calm,E2_harsh_corner,mean-reversion,8,0,0.016562325437544878,8.244202299771835,-0.0027539519849852923,0.5714285714285714,375.289734991045,4
calm,E2_harsh_corner,mean-reversion,9,0,0.018117183925072,8.158372901765322,-0.001145755811069682,0.6,252.04960046061805,3
calm,E2_harsh_corner,mean-reversion,10,0,0.0,0.0,0.0,0.0,0.0,0
calm,E2_harsh_corner,risk-parity,1,0,0.06867236627752882,13.105524140746688,-0.0055437922412288065,0.5,544.0760254639374,12
calm,E2_harsh_corner,risk-parity,2,0,0.06114364424361329,15.11151086354933,-0.0030790207032564965,0.5,670.3455726663426,12
calm,E2_harsh_corner,risk-parity,3,0,0.04771831215843747,8.128437845744559,-0.003668454210365324,0.5,648.7314585435454,12
calm,E2_harsh_corner,risk-parity,4,0,0.07588675958716284,13.911046351985261,-0.0017118154250335138,0.5,549.8430337813434,12
calm,E2_harsh_corner,risk-parity,5,0,0.07151816390901722,17.62560517749965,-0.0024145606002971,0.5217391304347826,579.8246452435151,12
calm,E2_harsh_corner,risk-parity,6,0,0.10552526273144647,17.69781030648873,-0.001879083178372487,0.5,547.0494150464649,12
calm,E2_harsh_corner,risk-parity,7,0,0.060528591176745916,11.520424563122505,-0.0020926805791366965,0.5833333333333334,679.9960720171966,14
calm,E2_harsh_corner,risk-parity,8,0,0.049994440783117655,15.27453624025662,-0.0025154942477964015,0.4782608695652174,516.6444544125571,11
calm,E2_harsh_corner,risk-parity,9,0,0.08620596831996985,15.792247389803567,-0.0022082011071348218,0.5,522.3933563551212,12
calm,E2_harsh_corner,risk-parity,10,0,0.09314320945189092,18.38487441180766,-0.002217477489600106,0.4583333333333333,653.9191217394372,11
calm,E2_harsh_corner,minimum-variance,1,0,0.06867236627752882,13.105524140746688,-0.0055437922412288065,0.5,544.0760254639374,12
calm,E2_harsh_corner,minimum-variance,2,0,0.06114364424361329,15.11151086354933,-0.0030790207032564965,0.5,670.3455726663426,12
calm,E2_harsh_corner,minimum-variance,3,0,0.04771831215843747,8.128437845744559,-0.003668454210365324,0.5,648.7314585435454,12
calm,E2_harsh_corner,minimum-variance,4,0,0.07791682181616233,14.301915043203358,-0.0017118154250335138,0.5,529.3695425185169,12
calm,E2_harsh_corner,minimum-variance,5,0,0.07225715437843983,17.787233830745862,-0.0024145606002971,0.5217391304347826,581.9788279128658,12
calm,E2_harsh_corner,minimum-variance,6,0,0.10552526273144647,17.69781030648873,-0.001879083178372487,0.5,547.0494150464649,12
calm,E2_harsh_corner,minimum-variance,7,0,0.06932228588596545,13.519642506778602,-0.0020926805791366965,0.5652173913043478,538.4802726146703,13
calm,E2_harsh_corner,minimum-variance,8,0,0.049994440783117655,15.27453624025662,-0.0025154942477964015,0.4782608695652174,516.6444544125571,11
calm,E2_harsh_corner,minimum-variance,9,0,0.08620596831996985,15.792247389803567,-0.0022082011071348218,0.5,522.3933563551212,12
calm,E2_harsh_corner,minimum-variance,10,0,0.10181163498919421,18.82166026311869,-0.002217477489600106,0.5,665.2276118306509,12
calm,E2_harsh_corner,random,1,0,0.04115100552035633,8.664125794157007,-0.0016016133235347008,0.36363636363636365,575.1333394610156,8
calm,E2_harsh_corner,random,2,0,0.06785804463233247,15.520472833359744,-0.0019659927819525302,0.6190476190476191,712.1335975975907,13
calm,E2_harsh_corner,random,3,0,0.04391290283240079,7.514156285357039,-0.003668454210365324,0.5,723.329012775076,11
calm,E2_harsh_corner,random,4,0,0.08796217830363529,13.84624950897543,-0.0031490289309905606,0.7,504.7090361788661,14
calm,E2_harsh_corner,random,5,0,0.053972266046812045,13.685036177560226,-0.0024145606002971,0.45454545454545453,734.1355344657555,10
calm,E2_harsh_corner,random,6,0,0.09577840327793874,14.411582847691113,-0.001879083178372487,0.5652173913043478,720.6583633094223,13
calm,E2_harsh_corner,random,7,0,0.04321419697477302,9.97138889991715,-0.0016270126504642768,0.5263157894736842,747.7426978418625,10
calm,E2_harsh_corner,random,8,0,0.028473150326439045,11.262645522634717,-0.001715326659697869,0.4583333333333333,625.2513806745865,11
calm,E2_harsh_corner,random,9,0,0.05041769223824977,9.058763905096855,-0.0031135103441017886,0.375,624.9734096103602,9
calm,E2_harsh_corner,random,10,0,0.08633871143667449,17.6944913190043,-0.002217477489600106,0.5454545454545454,638.802295296681,12
calm,E2_harsh_corner,memory-aware,1,0,0.01219001313772039,9.136093297507319,-0.0010075974954826261,0.3076923076923077,275.3068316361015,4
calm,E2_harsh_corner,memory-aware,2,0,0.002162315900818612,4.263663875307134,-0.00023111870134173707,0.4,76.06176083783829,4
calm,E2_harsh_corner,memory-aware,3,0,0.024415999571690827,6.093682158975394,-0.001620652991386029,0.29411764705882354,456.79398605742716,5
calm,E2_harsh_corner,memory-aware,4,0,0.031076090494416286,8.759202690567584,-0.0014808304666337202,0.29411764705882354,428.40389505894143,5
calm,E2_harsh_corner,memory-aware,5,0,0.0008829999297337299,2.997473531550313,-0.0004214087811549305,0.4,85.63342154352132,4
calm,E2_harsh_corner,memory-aware,6,0,0.03956988890062885,10.041165654409372,-0.000925686143948945,0.29411764705882354,474.24810556930123,5
calm,E2_harsh_corner,memory-aware,7,0,0.001230684480920674,3.4915536222137926,-0.00037677124879587076,0.4,89.45589069111861,4
calm,E2_harsh_corner,memory-aware,8,0,0.01357504741836113,10.244118865955606,-0.0007700537841730526,0.3076923076923077,212.07261007711722,4
calm,E2_harsh_corner,memory-aware,9,0,0.01847827476602859,9.689790285720829,-0.000937371659219477,0.3076923076923077,234.62350582985349,4
calm,E2_harsh_corner,memory-aware,10,0,0.024337126128349373,9.61768238214849,-0.0018109613282489834,0.3076923076923077,401.51316548009083,4
calm,E2_harsh_corner,deepseek:deepseek-v4-pro+mem,1,0,0.01272745315914503,4.033412978570961,-0.0020406704737817583,0.3333333333333333,198.59180155714375,2
calm,E2_harsh_corner,deepseek:deepseek-v4-pro+mem,2,0,0.06255904106144627,14.348383473006656,-0.0030790207032564965,0.45454545454545453,620.591991266844,10
calm,E2_harsh_corner,deepseek:deepseek-v4-pro+mem,3,0,0.03386388313995359,13.207640531787607,-0.0006348747561046864,0.5384615384615384,434.8120110924457,7
calm,E2_harsh_corner,deepseek:deepseek-v4-pro+mem,4,0,0.026905425809260697,7.738426550199987,-0.0017118154250335138,0.4,442.7397798410037,4
calm,E2_harsh_corner,deepseek:deepseek-v4-pro+mem,5,0,0.038762715287412375,10.51459749704019,-0.0014432840777296452,0.47058823529411764,699.387725516533,8
calm,E2_harsh_corner,deepseek:deepseek-v4-pro+mem,6,0,0.10741038488454491,16.49995848535447,-0.001879083178372487,0.5714285714285714,588.3521462694895,12
calm,E2_harsh_corner,deepseek:deepseek-v4-pro+mem,7,0,0.05599881434897913,11.623654297684805,-0.0009900932850415156,0.47058823529411764,583.7035068410114,8
calm,E2_harsh_corner,deepseek:deepseek-v4-pro+mem,8,0,0.05244840493333358,13.34002371454805,-0.0007700537841730526,0.6,482.7111239384856,9
calm,E2_harsh_corner,deepseek:deepseek-v4-pro+mem,9,0,0.06709683708568592,13.077317966269728,-0.004693329711734862,0.45,513.6505782633644,9
calm,E2_harsh_corner,deepseek:deepseek-v4-pro+mem,10,0,0.08065053711785852,17.37989054442139,-0.0014179326050066665,0.5,702.1034310693509,10
high_vol,E0_ideal,buy-and-hold,101,0,0.06445616703048218,8.00956665190177,-0.024022218773366966,1.0,17.046539215410075,24
high_vol,E0_ideal,buy-and-hold,102,0,0.05075915946773524,5.039880087466981,-0.023128574221969456,1.0,16.3731256287411,24
high_vol,E0_ideal,buy-and-hold,103,0,0.08517927889477583,10.321166860101549,-0.013056450455249169,1.0,15.784918331194094,24
high_vol,E0_ideal,buy-and-hold,104,0,0.12733128684743678,16.475509923706976,-0.004060068596265398,1.0,16.026331524198188,23
high_vol,E0_ideal,buy-and-hold,105,0,0.13046294067792563,14.242120183939356,-0.014975703536720508,1.0,16.736011046528233,23
high_vol,E0_ideal,buy-and-hold,106,0,0.07006429824085214,8.40482577709618,-0.007966907593640826,1.0,16.41052955170838,22
high_vol,E0_ideal,buy-and-hold,107,0,0.12149261191415572,13.498236041437742,-0.005196429272163128,1.0,16.732942679136993,23
high_vol,E0_ideal,buy-and-hold,108,0,0.09611753665360134,11.490409448580689,-0.009987862774139766,1.0,16.290302023604433,24
high_vol,E0_ideal,buy-and-hold,109,0,0.10384538716815084,12.409201599356846,-0.009577023386393324,1.0,16.336612132873228,24
high_vol,E0_ideal,buy-and-hold,110,0,0.14469544096551568,9.615022088106086,-0.04564595248231762,1.0,16.164746295938816,24
high_vol,E0_ideal,signal-weighted,101,0,-0.014138996807183224,-6.731837502663878,-0.014138996807183224,1.0,23.956150459205002,11
high_vol,E0_ideal,signal-weighted,102,0,-0.0004433005466412121,-0.16055366244634503,-0.008310318691435614,1.0,13.718614339614945,10
high_vol,E0_ideal,signal-weighted,103,0,0.008626950105641962,9.013894441784759,-3.3538484971229465e-05,1.0,13.437239061546085,10
high_vol,E0_ideal,signal-weighted,104,0,0.005303839023863111,9.363144482323742,-0.0005338395259101292,1.0,28.220844361608226,12
high_vol,E0_ideal,signal-weighted,105,0,0.019433051506102306,11.061732155494976,-0.00010500700000004581,1.0,25.620710065571355,12
high_vol,E0_ideal,signal-weighted,106,0,0.013889224234477915,5.376343465481445,-0.0011438883852622483,1.0,24.94756861183967,12
high_vol,E0_ideal,signal-weighted,107,0,0.019202052109147605,7.988458442021011,-0.0008674090004077151,1.0,41.082396058000306,14
high_vol,E0_ideal,signal-weighted,108,0,0.02886528688345069,7.3308587719740945,-8.300878496170228e-05,1.0,28.358143401351366,12
high_vol,E0_ideal,signal-weighted,109,0,0.018515529899735705,7.374133153055352,-3.3538484971229465e-05,1.0,14.822320812577033,10
high_vol,E0_ideal,signal-weighted,110,0,0.019597062000936027,10.66640644051614,-3.3538484971229465e-05,1.0,14.196679747422296,10
high_vol,E0_ideal,naive-momentum,101,0,0.06785634133823759,9.088220768056116,-0.014849996439660562,1.0,8.362326753681959,11
high_vol,E0_ideal,naive-momentum,102,0,0.0346496506202818,4.687774025995261,-0.007715436376411033,1.0,23.081407312421522,12
high_vol,E0_ideal,naive-momentum,103,0,0.05491399429993771,8.999014347663481,-0.009051836692562487,1.0,40.55587407467177,16
high_vol,E0_ideal,naive-momentum,104,0,0.11917741210682031,15.20222894989843,-0.004060068596265509,1.0,25.008797438266658,21
high_vol,E0_ideal,naive-momentum,105,0,0.09393462518616746,10.30933187267431,-0.012149549526215164,1.0,42.36323872045437,21
high_vol,E0_ideal,naive-momentum,106,0,0.04011196776426451,5.9637652808736945,-0.010465453830771021,1.0,48.67147190599399,20
high_vol,E0_ideal,naive-momentum,107,0,0.09168553538743818,14.331667009834776,-0.003668079154070747,1.0,33.295148589246665,20
high_vol,E0_ideal,naive-momentum,108,0,0.06052002795083067,7.6326602601620035,-0.01092499977881023,1.0,42.25414886930273,21
high_vol,E0_ideal,naive-momentum,109,0,0.08490708325003737,20.007383669643218,-0.00010500700000004581,1.0,25.846291195695276,18
high_vol,E0_ideal,naive-momentum,110,0,0.13145591359328912,12.794110493526317,-0.00010500700000004581,1.0,15.29614240612619,14
high_vol,E0_ideal,mean-reversion,101,0,-0.021778648204348605,-7.060592363950266,-0.021778648204348605,1.0,7.491349140304236,11
high_vol,E0_ideal,mean-reversion,102,0,0.028933304433101048,5.392776822256839,-0.006121533301888804,1.0,38.822033941128566,13
high_vol,E0_ideal,mean-reversion,103,0,0.03416920464352735,6.880178611637154,-0.0043450049735047624,1.0,43.016807673589454,10
high_vol,E0_ideal,mean-reversion,104,0,-0.005477560398360559,-4.888511592766298,-0.005477560398360559,1.0,13.894617179290524,2
high_vol,E0_ideal,mean-reversion,105,0,0.02096491265360023,6.8674403753289015,-0.00010500700000004581,1.0,28.604771645947263,4
high_vol,E0_ideal,mean-reversion,106,0,0.03017604463434287,7.779551085974816,-0.0010502688128969373,1.0,50.3891677934249,8
high_vol,E0_ideal,mean-reversion,107,0,0.020906105859014312,3.7215151028644193,-0.01135007856955228,1.0,28.875842044169463,5
high_vol,E0_ideal,mean-reversion,108,0,0.013213510655383898,8.367289788389993,-0.00010500700000004581,1.0,28.393488142644483,5
high_vol,E0_ideal,mean-reversion,109,0,0.026110085614113876,8.05962489615178,-0.001599505287448677,1.0,28.782334694261994,7
high_vol,E0_ideal,mean-reversion,110,0,0.01839494984856893,2.0869380488561693,-0.033958031081796514,1.0,27.41840928943544,10
high_vol,E0_ideal,risk-parity,101,0,0.05865800094731011,7.784101418454609,-0.023708407837749523,1.0,20.336186197310532,23
high_vol,E0_ideal,risk-parity,102,0,0.053199063781971034,5.292483573127887,-0.022658699735649268,1.0,29.934561094363275,24
high_vol,E0_ideal,risk-parity,103,0,0.08517927889477583,10.321166860101549,-0.013056450455249169,1.0,15.784918331194094,24
high_vol,E0_ideal,risk-parity,104,0,0.10886820125689778,19.670661411091974,-0.004060068596696387,1.0,24.51367822800636,24
high_vol,E0_ideal,risk-parity,105,0,0.10194209118540742,14.711966952113585,-0.010228301036367737,1.0,21.678015723590207,24
high_vol,E0_ideal,risk-parity,106,0,0.0591746730335827,7.661302453419645,-0.007966907593640826,1.0,23.810192075251493,22
high_vol,E0_ideal,risk-parity,107,0,0.11497995242944792,12.641258861873489,-0.006048053319316238,1.0,21.203314984904377,22
high_vol,E0_ideal,risk-parity,108,0,0.09579194853690676,11.433905560338781,-0.00999573735973247,1.0,17.56144117844802,24
high_vol,E0_ideal,risk-parity,109,0,0.10384538716815084,12.409201599356846,-0.009577023386393324,1.0,16.336612132873228,24
high_vol,E0_ideal,risk-parity,110,0,0.11840201736368972,8.789696979208008,-0.04454638963457236,1.0,26.554003417271314,24
high_vol,E0_ideal,minimum-variance,101,0,0.06445616703048218,8.00956665190177,-0.024022218773366966,1.0,17.046539215410075,24
high_vol,E0_ideal,minimum-variance,102,0,0.047508424830051466,4.71283819197043,-0.0225837894791312,1.0,24.4027917810974,24
high_vol,E0_ideal,minimum-variance,103,0,0.08299822712634963,10.197025120223481,-0.013091700277558016,1.0,20.68812486965743,24
high_vol,E0_ideal,minimum-variance,104,0,0.11875629861220127,16.521230733726043,-0.004060068597774857,1.0,30.869848478881266,23
high_vol,E0_ideal,minimum-variance,105,0,0.11190952213008565,13.063491582744245,-0.014260176437403516,1.0,22.487369146943106,24
high_vol,E0_ideal,minimum-variance,106,0,0.07006429824085214,8.40482577709615,-0.00796690759364116,1.0,16.410529551708382,22
high_vol,E0_ideal,minimum-variance,107,0,0.10017485618707966,10.526452276911922,-0.010881480775841279,1.0,30.541350346738174,22
high_vol,E0_ideal,minimum-variance,108,0,0.09336422403538869,10.996594691577032,-0.011584082718347544,1.0,30.177584835601362,24
high_vol,E0_ideal,minimum-variance,109,0,0.1053973778895998,12.74363443165191,-0.009577023386393324,1.0,31.946955165832478,24
high_vol,E0_ideal,minimum-variance,110,0,0.06056486542966266,5.570555769541784,-0.04564641969808081,1.0,22.080602726110254,17
high_vol,E0_ideal,random,101,0,0.015371845566953368,5.162814168940022,-0.009488876560617254,1.0,72.06844860778307,20
high_vol,E0_ideal,random,102,0,0.043465433306211,5.465049164622722,-0.010078730224616583,1.0,76.97316919489931,22
high_vol,E0_ideal,random,103,0,0.06048054668551317,7.605343804013774,-0.013553012991248337,1.0,51.972416910097586,23
high_vol,E0_ideal,random,104,0,0.09239512523936066,17.477340391015233,-0.0040600685971133865,1.0,59.71849122018755,24
high_vol,E0_ideal,random,105,0,0.11852425957749468,13.046717571894819,-0.014916514598415698,1.0,43.45630608111272,24
high_vol,E0_ideal,random,106,0,0.06448335794302906,7.976334270642012,-0.010315556623650468,1.0,54.38987615988759,22
high_vol,E0_ideal,random,107,0,0.1109855346189148,12.997206861204925,-0.0019747810476196115,1.0,75.00054865417118,24
high_vol,E0_ideal,random,108,0,0.04252071782991518,6.633998231891452,-0.010502608182973772,1.0,71.31861755733874,20
high_vol,E0_ideal,random,109,0,0.06172525981887245,8.303957687283377,-0.009987210543004776,1.0,96.90181972542038,24
high_vol,E0_ideal,random,110,0,0.12349739309781893,8.809206162819612,-0.04437224818136898,1.0,35.85953476748202,24
high_vol,E0_ideal,memory-aware,101,0,-0.014138996807183224,-6.731837502663878,-0.014138996807183224,1.0,23.956150459205002,11
high_vol,E0_ideal,memory-aware,102,0,-0.0004433005466412121,-0.16055366244634503,-0.008310318691435614,1.0,13.718614339614945,10
high_vol,E0_ideal,memory-aware,103,0,0.008626950105641962,9.013894441784759,-3.3538484971229465e-05,1.0,13.437239061546085,10
high_vol,E0_ideal,memory-aware,104,0,0.005303839023863111,9.363144482323742,-0.0005338395259101292,1.0,28.220844361608226,12
high_vol,E0_ideal,memory-aware,105,0,0.019433051506102306,11.061732155494976,-0.00010500700000004581,1.0,25.620710065571355,12
high_vol,E0_ideal,memory-aware,106,0,0.013889224234477915,5.376343465481445,-0.0011438883852622483,1.0,24.94756861183967,12
high_vol,E0_ideal,memory-aware,107,0,0.019202052109147605,7.988458442021011,-0.0008674090004077151,1.0,41.082396058000306,14
high_vol,E0_ideal,memory-aware,108,0,0.02886528688345069,7.3308587719740945,-8.300878496170228e-05,1.0,28.358143401351366,12
high_vol,E0_ideal,memory-aware,109,0,0.018515529899735705,7.374133153055352,-3.3538484971229465e-05,1.0,14.822320812577033,10
high_vol,E0_ideal,memory-aware,110,0,0.019597062000936027,10.66640644051614,-3.3538484971229465e-05,1.0,14.196679747422296,10
high_vol,E0_ideal,deepseek:deepseek-v4-pro+mem,101,0,0.07248622736120569,11.144370847965167,-0.004837592009267144,1.0,42.36723437635807,10
high_vol,E0_ideal,deepseek:deepseek-v4-pro+mem,102,0,-0.007939315830348903,-1.5589943745826984,-0.01807664854109292,1.0,90.9435079942435,15
high_vol,E0_ideal,deepseek:deepseek-v4-pro+mem,103,0,0.026824235582457723,4.056002590361197,-0.019753447806588498,1.0,104.21978332959438,22
high_vol,E0_ideal,deepseek:deepseek-v4-pro+mem,104,0,0.09240709142666459,12.175746965917062,-0.009947752849982505,1.0,86.48303065298664,22
high_vol,E0_ideal,deepseek:deepseek-v4-pro+mem,105,0,0.003419136744104767,4.602837114487244,-0.00012181715014869532,1.0,17.35544371806237,4
high_vol,E0_ideal,deepseek:deepseek-v4-pro+mem,106,0,0.03847930811656752,7.452990466424185,-0.0026912301140221695,1.0,50.81261994239373,8
high_vol,E0_ideal,deepseek:deepseek-v4-pro+mem,107,0,0.04478653297971458,8.59960604569043,-0.00010500700000004581,1.0,32.86194595646774,7
high_vol,E0_ideal,deepseek:deepseek-v4-pro+mem,108,0,0.024795806061427728,6.189954010539212,-0.011687349012275194,1.0,92.36669912027047,22
high_vol,E0_ideal,deepseek:deepseek-v4-pro+mem,109,0,0.05920209127569698,16.738728044038677,-0.00010500700000004581,1.0,43.88023290194555,11
high_vol,E0_ideal,deepseek:deepseek-v4-pro+mem,110,0,0.16335852872381196,15.282598226654757,-0.0002100139999999806,1.0,23.26884866125319,16
high_vol,E1_default_stress,buy-and-hold,101,0,0.02722459155736323,3.7135594121271076,-0.02966090572510205,0.8333333333333334,756.7528278678365,20
high_vol,E1_default_stress,buy-and-hold,102,0,0.08028161032262471,6.2398294672671675,-0.012380859208585115,0.7916666666666666,890.8535778240613,19
high_vol,E1_default_stress,buy-and-hold,103,0,0.09226435166864344,9.594014801610289,-0.020525458735630497,0.7916666666666666,661.7466520026829,19
high_vol,E1_default_stress,buy-and-hold,104,0,0.13212367677370862,12.522789409306894,-0.0017090638555545823,0.875,847.6805301827036,21
high_vol,E1_default_stress,buy-and-hold,105,0,0.16932083699371203,12.40203908363554,-0.0071741160457523545,0.8260869565217391,1161.7357638589144,19
high_vol,E1_default_stress,buy-and-hold,106,0,0.06945119169679703,7.085026082087859,-0.012364022006877917,0.8333333333333334,644.2221645882839,20
high_vol,E1_default_stress,buy-and-hold,107,0,0.13214627404968549,11.576041386616582,-0.013724864497717038,0.875,743.8345686125926,21
high_vol,E1_default_stress,buy-and-hold,108,0,0.07652569273126075,9.1463372141707,-0.010413201579725806,0.875,806.0806302533239,21
high_vol,E1_default_stress,buy-and-hold,109,0,0.12698343544216528,15.110079121124828,-0.0022462027681903196,0.8333333333333334,800.2502439111229,20
high_vol,E1_default_stress,buy-and-hold,110,0,0.13809857646416668,7.181546012633601,-0.056349315242817055,0.782608695652174,1028.7793782929875,18
high_vol,E1_default_stress,signal-weighted,101,0,-0.018317211626546093,-9.234416039799113,-0.018317211626546093,0.7692307692307693,272.5627721395965,10
high_vol,E1_default_stress,signal-weighted,102,0,0.008060781161000286,3.110944266249923,-0.004788405360919623,0.8,173.97861589015636,8
high_vol,E1_default_stress,signal-weighted,103,0,0.0063558099975644655,5.775743770137497,-0.0007693212058395016,0.8,141.66872329712157,8
high_vol,E1_default_stress,signal-weighted,104,0,0.03283906139246473,6.424178866147992,-0.0012049795393332952,0.7692307692307693,333.6344114833717,10
high_vol,E1_default_stress,signal-weighted,105,0,0.007445304930366881,7.890370631334325,-0.0010843683871906151,0.7692307692307693,283.4968231797198,10
high_vol,E1_default_stress,signal-weighted,106,0,0.02109639382974504,5.633017284886059,-0.0024377747596501242,0.7692307692307693,376.0061328066545,10
high_vol,E1_default_stress,signal-weighted,107,0,0.032254510066361375,9.292724790657129,-0.0003754014504213643,0.75,526.9053782717538,12
high_vol,E1_default_stress,signal-weighted,108,0,0.011475912141998057,6.1701838143063386,-0.0010291852304115112,0.7692307692307693,380.9614880270108,10
high_vol,E1_default_stress,signal-weighted,109,0,0.010949697428698446,6.8123358256767546,-0.0005412914899489696,0.8,257.20087553670385,8
high_vol,E1_default_stress,signal-weighted,110,0,0.011730011338145552,6.615244452361334,-0.0006689695730822676,0.8,284.31567820486487,8
high_vol,E1_default_stress,naive-momentum,101,0,0.028429750909114926,2.856914727506814,-0.03101486566912459,0.9090909090909091,863.0191101921747,10
high_vol,E1_default_stress,naive-momentum,102,0,0.03623510711885558,5.360553681950561,-0.00655161103567603,0.8181818181818182,548.1121820786672,9
high_vol,E1_default_stress,naive-momentum,103,0,0.07579765415563111,8.976574924004737,-0.006490391463342959,0.8235294117647058,861.0016554864076,14
high_vol,E1_default_stress,naive-momentum,104,0,0.10926932607434336,12.44617092424299,-0.005281320619471619,0.8181818181818182,867.6268749018866,18
high_vol,E1_default_stress,naive-momentum,105,0,0.10807694822670277,11.336150185431306,-0.01580148310874563,0.85,391.20507636086194,17
high_vol,E1_default_stress,naive-momentum,106,0,0.05471571647470297,5.9697077801253595,-0.0187990428077055,0.85,1163.4232820327031,17
high_vol,E1_default_stress,naive-momentum,107,0,0.06927978484816899,8.555608308899576,-0.012266093993319349,0.85,689.3072381960925,17
high_vol,E1_default_stress,naive-momentum,108,0,0.05759264567955524,6.372412325939934,-0.012770859806751522,0.8181818181818182,882.0969724073459,18
high_vol,E1_default_stress,naive-momentum,109,0,0.09349306430242255,11.44166161922654,-0.00651380409754454,0.8333333333333334,1128.2228513478692,15
high_vol,E1_default_stress,naive-momentum,110,0,0.12110612757928663,9.287308546021737,-0.00856269118852393,0.8571428571428571,1412.786263380435,12
high_vol,E1_default_stress,mean-reversion,101,0,-0.025070644609858528,-6.131952425017442,-0.025070644609858528,0.9090909090909091,488.4737645588273,10
high_vol,E1_default_stress,mean-reversion,102,0,0.05261987990305417,7.012342668797585,-0.00776599301528158,0.6875,588.9663611657226,11
high_vol,E1_default_stress,mean-reversion,103,0,0.034122564570554736,4.6340878962794445,-0.01572680177962349,0.8333333333333334,578.5272903055696,10
high_vol,E1_default_stress,mean-reversion,104,0,-0.0008560278528841891,-4.786344211304793,-0.0008560278528841891,1.0,82.14726197257166,1
high_vol,E1_default_stress,mean-reversion,105,0,0.0488550977886415,6.68229921671881,-0.0028986383920017733,0.6666666666666666,572.2115979766247,4
high_vol,E1_default_stress,mean-reversion,106,0,0.015233511762490437,2.352068077044126,-0.01816247285815087,0.7777777777777778,733.364726046827,7
high_vol,E1_default_stress,mean-reversion,107,0,0.041557434848147334,8.476781457412963,-0.0031450274160207403,0.75,829.4586072788238,6
high_vol,E1_default_stress,mean-reversion,108,0,0.0293620395323686,5.358164358456277,-0.0015543261417388932,0.8333333333333334,419.42743806159723,5
high_vol,E1_default_stress,mean-reversion,109,0,0.022317808547567486,4.190441754880997,-0.008664026619595866,0.8571428571428571,455.7126304188984,6
high_vol,E1_default_stress,mean-reversion,110,0,0.061033230911440306,5.226744889542579,-0.026487483802148493,0.8333333333333334,624.5327685259354,10
high_vol,E1_default_stress,risk-parity,101,0,0.019180774934243416,2.8247312954067745,-0.022223675563686318,0.8695652173913043,1190.937945820934,20
high_vol,E1_default_stress,risk-parity,102,0,0.0410212767436926,4.321440262990341,-0.014397532407830371,0.8333333333333334,1107.5294539911179,20
high_vol,E1_default_stress,risk-parity,103,0,0.0973769551329251,9.607416110958408,-0.0165788344144705,0.7916666666666666,954.4784699606837,19
high_vol,E1_default_stress,risk-parity,104,0,0.13640926947688103,10.944642323539567,-0.010967426141360592,0.8333333333333334,920.6270009119919,20
high_vol,E1_default_stress,risk-parity,105,0,0.10580102107312861,12.340493155247811,-0.005796877507359799,0.875,907.7299707518736,21
high_vol,E1_default_stress,risk-parity,106,0,0.06075130772113857,6.3765767435886955,-0.013185076999272516,0.9166666666666666,998.465544298797,22
high_vol,E1_default_stress,risk-parity,107,0,0.08842809877106794,11.912565318322871,-0.0014729339647555628,0.875,919.5854664439835,21
high_vol,E1_default_stress,risk-parity,108,0,0.06249625781083834,6.346895313206064,-0.01862231279878035,0.8333333333333334,732.5866464853625,20
high_vol,E1_default_stress,risk-parity,109,0,0.11540707001312378,13.862104165455463,-0.010471057609766521,0.875,1195.3266662444778,21
high_vol,E1_default_stress,risk-parity,110,0,0.145237382434944,8.392775869854443,-0.03766222855913748,0.8333333333333334,1356.869467039192,20
high_vol,E1_default_stress,minimum-variance,101,0,0.020637004849502594,2.9543305805448443,-0.02407651079210804,0.875,1175.190674277493,21
high_vol,E1_default_stress,minimum-variance,102,0,0.06390657891289364,6.21476349088304,-0.013228889765974472,0.8333333333333334,960.6841471387041,20
high_vol,E1_default_stress,minimum-variance,103,0,0.09164388094697662,9.593163041630365,-0.0165788344144705,0.7916666666666666,1019.665394548873,19
high_vol,E1_default_stress,minimum-variance,104,0,0.1420744941794594,10.940707741726271,-0.011035685234733972,0.8260869565217391,821.262117756034,19
high_vol,E1_default_stress,minimum-variance,105,0,0.09903107477887785,11.803135383460084,-0.010236588074304498,0.875,860.5711287980483,21
high_vol,E1_default_stress,minimum-variance,106,0,0.08065891274520798,9.058272189355199,-0.008190052634232559,0.9166666666666666,864.8614268972656,22
high_vol,E1_default_stress,minimum-variance,107,0,0.08401287051563822,11.562340283526991,-0.0054846452790695555,0.875,987.7529535549953,21
high_vol,E1_default_stress,minimum-variance,108,0,0.057979376261963145,5.450882680469235,-0.01862231279878035,0.7916666666666666,719.7000842895692,19
high_vol,E1_default_stress,minimum-variance,109,0,0.06939684791758793,11.153206365721859,-0.014702973214228532,0.8695652173913043,1383.713645816364,20
high_vol,E1_default_stress,minimum-variance,110,0,0.10090335612688794,6.864078301381266,-0.03760647001084794,0.7222222222222222,1145.6655605161748,13
high_vol,E1_default_stress,random,101,0,-0.015409408301750971,-1.8938436466612476,-0.04021487122497991,0.6818181818181818,1267.3019774331353,15
high_vol,E1_default_stress,random,102,0,0.06676297530365738,6.388294173063434,-0.015857019270253625,0.9090909090909091,899.7145463254469,20
high_vol,E1_default_stress,random,103,0,0.084159301301036,8.495882069809625,-0.016788601897158473,0.7916666666666666,1090.5229098698762,19
high_vol,E1_default_stress,random,104,0,0.12747121364925107,10.35687244595671,-0.011032436087180741,0.782608695652174,1258.7103144936482,18
high_vol,E1_default_stress,random,105,0,0.13062946975873313,13.44568969755808,-0.008890266544968717,0.8333333333333334,744.1345964443128,20
high_vol,E1_default_stress,random,106,0,0.07782927558630348,8.732603303833695,-0.007809127920304415,0.782608695652174,1469.7717872500227,18
high_vol,E1_default_stress,random,107,0,0.04033893869255256,5.86031729091681,-0.01523934024864193,0.6666666666666666,1568.3531699240361,16
high_vol,E1_default_stress,random,108,0,0.043124219580064294,5.409302263129244,-0.01286083507801028,0.7727272727272727,1183.1755835198915,17
high_vol,E1_default_stress,random,109,0,0.08332124977287347,11.447555842729347,-0.003023364964920505,0.9090909090909091,976.1891150940081,20
high_vol,E1_default_stress,random,110,0,0.15779953123447887,9.258029532483034,-0.03766681765182056,0.875,1155.5622188879595,21
high_vol,E1_default_stress,memory-aware,101,0,-0.018317211626546093,-9.234416039799113,-0.018317211626546093,0.7692307692307693,272.5627721395965,10
high_vol,E1_default_stress,memory-aware,102,0,0.008060781161000286,3.110944266249923,-0.004788405360919623,0.8,173.97861589015636,8
high_vol,E1_default_stress,memory-aware,103,0,0.0063558099975644655,5.775743770137497,-0.0007693212058395016,0.8,141.66872329712157,8
high_vol,E1_default_stress,memory-aware,104,0,0.033085192188986756,6.474259730139756,-0.0011835831426119103,0.7692307692307693,331.6615047334248,10
high_vol,E1_default_stress,memory-aware,105,0,0.0075646999325014175,7.977300434383248,-0.0010843683871906151,0.7692307692307693,272.52034776557963,10
high_vol,E1_default_stress,memory-aware,106,0,0.021183133808776455,5.643932197735603,-0.002417012362121773,0.7692307692307693,374.8696585252883,10
high_vol,E1_default_stress,memory-aware,107,0,0.03288558700601674,9.489228248663897,-0.00040548926613348524,0.75,505.5800898141483,12
high_vol,E1_default_stress,memory-aware,108,0,0.010389480476081125,5.960434880842952,-0.0010291852304115112,0.7692307692307693,326.09100059165706,10
high_vol,E1_default_stress,memory-aware,109,0,0.008928236988585025,7.230957601797944,-0.0005412914899489696,0.8,253.78376323838188,8
high_vol,E1_default_stress,memory-aware,110,0,0.011342632009387232,6.412849018545752,-0.0006689695730822676,0.8,292.75325355842955,8
high_vol,E1_default_stress,deepseek:deepseek-v4-pro+mem,101,0,0.04968742055955189,6.14266499714984,-0.007980929255645641,0.75,807.6612301488631,6
high_vol,E1_default_stress,deepseek:deepseek-v4-pro+mem,102,0,0.04884749944560629,7.4483152540512245,-0.007020752332041358,0.6923076923076923,684.1645055157421,9
high_vol,E1_default_stress,deepseek:deepseek-v4-pro+mem,103,0,0.05709444784034923,9.137824883098006,-0.01063130406452839,0.75,798.0956707873371,12
high_vol,E1_default_stress,deepseek:deepseek-v4-pro+mem,104,0,0.12865492581578564,12.746394618972312,-0.0017090638555545823,0.9090909090909091,1143.187702250564,20
high_vol,E1_default_stress,deepseek:deepseek-v4-pro+mem,105,0,0.0025260565753846276,6.3195135613505045,-0.00020902555777724263,0.6666666666666666,59.656912948183965,2
high_vol,E1_default_stress,deepseek:deepseek-v4-pro+mem,106,0,0.04000882792175986,8.393966960000467,-0.005107140761358209,0.8181818181818182,817.7210755049654,9
high_vol,E1_default_stress,deepseek:deepseek-v4-pro+mem,107,0,0.020208173688689435,4.403659934756243,-0.007370008358421276,0.9090909090909091,984.5347337610696,10
high_vol,E1_default_stress,deepseek:deepseek-v4-pro+mem,108,0,0.013217933140709848,3.67539357709422,-0.00881993106173451,0.7857142857142857,733.86019173768,11
high_vol,E1_default_stress,deepseek:deepseek-v4-pro+mem,109,0,0.06563886617903947,13.263148357792794,-0.0009070471294171378,0.8,887.6686824865285,8
high_vol,E1_default_stress,deepseek:deepseek-v4-pro+mem,110,0,0.121855042830604,12.875184512771932,-0.0025372253385912424,0.75,1463.409245997347,12
high_vol,E2_harsh_corner,buy-and-hold,101,0,0.04831937980781298,6.304842195521313,-0.01665141285174021,0.5,588.9666579781964,12
high_vol,E2_harsh_corner,buy-and-hold,102,0,0.05242457316924232,5.903396965159969,-0.014483337928607565,0.4166666666666667,574.9225629277354,10
high_vol,E2_harsh_corner,buy-and-hold,103,0,0.09926266607325873,16.15135386743105,-0.0026438305030588305,0.4583333333333333,592.3059822268691,11
high_vol,E2_harsh_corner,buy-and-hold,104,0,0.07668148998098667,9.444628609153686,-0.011276140829240888,0.5416666666666666,887.6975413792774,13
high_vol,E2_harsh_corner,buy-and-hold,105,0,0.10971669465163436,8.174141796854551,-0.023287894806959253,0.5,909.5475997624122,12
high_vol,E2_harsh_corner,buy-and-hold,106,0,0.04302927179180749,5.027457464205891,-0.007428918464884915,0.5,730.5403184631997,12
high_vol,E2_harsh_corner,buy-and-hold,107,0,0.07557700225210162,6.822416001475917,-0.013588725821755965,0.5,909.0944882326688,12
high_vol,E2_harsh_corner,buy-and-hold,108,0,0.0950097618083332,7.604231204565991,-0.009815521574310426,0.5,589.239382329991,12
high_vol,E2_harsh_corner,buy-and-hold,109,0,0.08370176044463484,9.48869859189739,-0.010010973508924659,0.5,615.1987902264447,12
high_vol,E2_harsh_corner,buy-and-hold,110,0,0.24009140748451596,17.126715329677705,-0.003753049982813117,0.4583333333333333,1179.6175151701148,11
high_vol,E2_harsh_corner,signal-weighted,101,0,-0.005248021452829654,-4.076133193118355,-0.005296336069999907,0.4166666666666667,224.72952398748131,5
high_vol,E2_harsh_corner,signal-weighted,102,0,-0.0027863929868584547,-6.314713533369241,-0.0027863929868584547,0.4,120.36767875390859,4
high_vol,E2_harsh_corner,signal-weighted,103,0,-0.0008119727624200657,-7.130902984245273,-0.0008119727624200657,0.4,74.02535632171211,4
high_vol,E2_harsh_corner,signal-weighted,104,0,0.017047110016516154,7.967047413378549,-0.0014795921671678647,0.3076923076923077,338.16471378641216,4
high_vol,E2_harsh_corner,signal-weighted,105,0,0.0040648018871209946,1.9804059938507095,-0.005580501116082881,0.3076923076923077,271.36817887971523,4
high_vol,E2_harsh_corner,signal-weighted,106,0,0.02375985178637019,3.8083218837888104,-0.013494711896244072,0.3076923076923077,421.13875718772107,4
high_vol,E2_harsh_corner,signal-weighted,107,0,0.058403995009566945,6.3261348399580335,-0.01394228561264621,0.29411764705882354,582.5659447443448,5
high_vol,E2_harsh_corner,signal-weighted,108,0,0.015453071539490715,2.5457379300871055,-0.013081805857210194,0.42857142857142855,257.1403168478119,6
high_vol,E2_harsh_corner,signal-weighted,109,0,0.002710234089984498,4.024965947780012,-0.0004392579203275071,0.4444444444444444,112.65838236064434,4
high_vol,E2_harsh_corner,signal-weighted,110,0,-0.0005451266220212192,-4.4765478594451,-0.0005785380086007486,0.4,110.96048480554701,4
high_vol,E2_harsh_corner,naive-momentum,101,0,0.09226788698071964,6.387793281483177,-0.008628840106178148,0.5454545454545454,848.4331378060775,6
high_vol,E2_harsh_corner,naive-momentum,102,0,-0.015157479199610857,-1.9115523692527276,-0.03112506135714277,0.3333333333333333,269.6710956462297,4
high_vol,E2_harsh_corner,naive-momentum,103,0,0.07414597487746977,9.252465019559702,-0.003547906225865871,0.5333333333333333,603.239704483857,8
high_vol,E2_harsh_corner,naive-momentum,104,0,0.06214565580602227,10.280407462912288,-0.003955681119946264,0.5,765.082306652229,11
high_vol,E2_harsh_corner,naive-momentum,105,0,0.07461636684309658,7.779723274534271,-0.018891853002294345,0.47619047619047616,796.9283316387243,10
high_vol,E2_harsh_corner,naive-momentum,106,0,0.022727663691535893,2.6832773346905316,-0.01783531049842424,0.5,847.9690359150727,9
high_vol,E2_harsh_corner,naive-momentum,107,0,0.05418685944278878,5.802547157761063,-0.012908422726546243,0.38095238095238093,1017.2153537806366,8
high_vol,E2_harsh_corner,naive-momentum,108,0,0.0906761424843574,10.22111669668317,-0.0017394847177176764,0.5,658.3021346502871,10
high_vol,E2_harsh_corner,naive-momentum,109,0,0.12309206003255535,10.764754695651634,-0.0015491269279882536,0.6111111111111112,1081.4629308802002,11
high_vol,E2_harsh_corner,naive-momentum,110,0,0.1152876379721639,9.61698520459171,-0.0015556255768198746,0.35714285714285715,584.8438933976894,5
high_vol,E2_harsh_corner,mean-reversion,101,0,-0.0248131114659077,-3.5030023460078463,-0.031888033005685434,0.6363636363636364,629.7098147580446,7
high_vol,E2_harsh_corner,mean-reversion,102,0,0.06609299447514938,9.531171786476067,-0.009897796767619371,0.42857142857142855,845.6676070551924,9
high_vol,E2_harsh_corner,mean-reversion,103,0,0.07542479668230251,10.728323036959829,-0.0031038044046779456,0.47058823529411764,928.6073913525412,8
high_vol,E2_harsh_corner,mean-reversion,104,0,0.0,0.0,0.0,0.0,0.0,0
high_vol,E2_harsh_corner,mean-reversion,105,0,0.030086904812601567,4.579958675163723,-0.014296799594974874,0.42857142857142855,674.0530927427213,3
high_vol,E2_harsh_corner,mean-reversion,106,0,0.023203374940979016,3.6489096087990776,-0.008565187749048464,0.46153846153846156,793.61954002848,6
high_vol,E2_harsh_corner,mean-reversion,107,0,0.06118077645310671,8.493100340863478,-0.004974481623690186,0.5,588.2942318045126,4
high_vol,E2_harsh_corner,mean-reversion,108,0,0.057740037460674465,6.950280293099372,-0.006230568519484891,0.5,615.9144778663787,4
high_vol,E2_harsh_corner,mean-reversion,109,0,-0.010332243917474115,-1.326533854619636,-0.039974692334174944,0.5,922.3116458576493,5
high_vol,E2_harsh_corner,mean-reversion,110,0,0.14826471436137445,11.915571988178955,-0.004114528951189134,0.5555555555555556,1336.4708355305133,10
high_vol,E2_harsh_corner,risk-parity,101,0,0.0763779293785507,6.761310802217066,-0.01501402301662269,0.4583333333333333,645.3311236519581,11
high_vol,E2_harsh_corner,risk-parity,102,0,0.09477431673773151,10.809008351481339,-0.009699108971157444,0.375,486.5925344866862,9
high_vol,E2_harsh_corner,risk-parity,103,0,0.11406618110344957,14.717616869947628,-0.004177738434876899,0.5,814.7108527038586,12
high_vol,E2_harsh_corner,risk-parity,104,0,0.07238194589616276,10.482557929121223,-0.004988644227201022,0.5,922.160250046763,12
high_vol,E2_harsh_corner,risk-parity,105,0,0.07182008405677753,6.913447112532069,-0.020106801957758158,0.375,786.9662160051367,9
high_vol,E2_harsh_corner,risk-parity,106,0,0.05362060834360083,4.582957724663901,-0.018683730781919428,0.5,729.0925270644863,12
high_vol,E2_harsh_corner,risk-parity,107,0,0.1275676719913379,9.33956827323666,-0.007850792314326394,0.5,701.1656852416086,12
high_vol,E2_harsh_corner,risk-parity,108,0,0.09505698621854775,9.723976813420022,-0.0024339960779617975,0.4583333333333333,715.252511375213,11
high_vol,E2_harsh_corner,risk-parity,109,0,0.11264335933008773,11.015064212698208,-0.004604532542842987,0.5,709.3692483550236,12
high_vol,E2_harsh_corner,risk-parity,110,0,0.19166662896445952,15.56245951423191,-0.003753049982813117,0.4583333333333333,1170.1492670080077,11
high_vol,E2_harsh_corner,minimum-variance,101,0,0.07736406930820516,6.848866366180864,-0.01435907110916168,0.4583333333333333,632.0310966169709,11
high_vol,E2_harsh_corner,minimum-variance,102,0,0.09428170160741423,10.733009094648157,-0.009943709855807281,0.375,486.5634811293312,9
high_vol,E2_harsh_corner,minimum-variance,103,0,0.11406618110344957,14.717616869947628,-0.004177738434876899,0.5,814.7108527038586,12
high_vol,E2_harsh_corner,minimum-variance,104,0,0.07238194589616276,10.482557929121223,-0.004988644227201022,0.5217391304347826,922.160250046763,12
high_vol,E2_harsh_corner,minimum-variance,105,0,0.09063152457088153,8.392201905030312,-0.020106801957758158,0.4166666666666667,811.643216187499,10
high_vol,E2_harsh_corner,minimum-variance,106,0,0.05362060834360083,4.582957724663901,-0.018683730781919428,0.5,729.0925270644863,12
high_vol,E2_harsh_corner,minimum-variance,107,0,0.1275676719913379,9.33956827323666,-0.007850792314326394,0.5454545454545454,701.1656852416086,12
high_vol,E2_harsh_corner,minimum-variance,108,0,0.09504380650935662,9.724385917582786,-0.0024339960779617975,0.4782608695652174,716.4353097907414,11
high_vol,E2_harsh_corner,minimum-variance,109,0,0.10983682428592867,10.88494298984898,-0.0038933528400949546,0.5217391304347826,706.3760742227489,12
high_vol,E2_harsh_corner,minimum-variance,110,0,0.15103069942893588,15.572334556274399,-0.003753049982813117,0.35,1224.8629322571148,7
high_vol,E2_harsh_corner,random,101,0,0.06582464766557772,7.189423576721831,-0.004455234515253426,0.45454545454545453,872.2865744166409,10
high_vol,E2_harsh_corner,random,102,0,0.037911152744756205,6.752068781519407,-0.010251003566624561,0.3,772.5625206204902,6
high_vol,E2_harsh_corner,random,103,0,0.06889399572030896,10.580132078046626,-0.0026438305030590525,0.4166666666666667,1035.1508846222607,10
high_vol,E2_harsh_corner,random,104,0,0.0718451340499684,10.356582399103937,-0.004988644227201022,0.5,1012.7163904552455,12
high_vol,E2_harsh_corner,random,105,0,0.10508703035376721,9.59644504467902,-0.02039822407704628,0.5,721.4766271468387,12
high_vol,E2_harsh_corner,random,106,0,0.05206156397927941,3.5413654962613523,-0.030199249125282046,0.5652173913043478,1087.5188971206771,13
high_vol,E2_harsh_corner,random,107,0,0.12886521478820656,9.484227470313618,-0.007850792314326394,0.5454545454545454,833.2659615681337,12
high_vol,E2_harsh_corner,random,108,0,0.08751070802532945,10.225443439715328,-0.0016190311209162145,0.3684210526315789,878.7316481967548,7
high_vol,E2_harsh_corner,random,109,0,0.10023005673990126,11.889918820310626,-0.003001427969871795,0.6190476190476191,779.398397720644,13
high_vol,E2_harsh_corner,random,110,0,0.18604086804841669,15.329257675562177,-0.006912120004468503,0.5,1079.8339104128956,12
high_vol,E2_harsh_corner,memory-aware,101,0,-0.005248021452829654,-4.076133193118355,-0.005296336069999907,0.4166666666666667,224.72952398748131,5
high_vol,E2_harsh_corner,memory-aware,102,0,-0.0027863929868584547,-6.314713533369241,-0.0027863929868584547,0.4,120.36767875390859,4
high_vol,E2_harsh_corner,memory-aware,103,0,-0.0008119727624200657,-7.130902984245273,-0.0008119727624200657,0.4,74.02535632171211,4
high_vol,E2_harsh_corner,memory-aware,104,0,0.017047110016516154,7.967047413378549,-0.0014795921671678647,0.3076923076923077,338.16471378641216,4
high_vol,E2_harsh_corner,memory-aware,105,0,0.0040648018871209946,1.9804059938507095,-0.005580501116082881,0.3076923076923077,271.36817887971523,4
high_vol,E2_harsh_corner,memory-aware,106,0,0.023658015621548678,3.790956127202612,-0.013494711896244072,0.3076923076923077,422.4361813268806,4
high_vol,E2_harsh_corner,memory-aware,107,0,0.05849504246792492,6.337253504870348,-0.01394228561264621,0.29411764705882354,573.7686652393503,5
high_vol,E2_harsh_corner,memory-aware,108,0,0.015453071539490715,2.5457379300871055,-0.013081805857210194,0.42857142857142855,257.1403168478119,6
high_vol,E2_harsh_corner,memory-aware,109,0,0.002710234089984498,4.024965947780012,-0.0004392579203275071,0.4444444444444444,112.65838236064434,4
high_vol,E2_harsh_corner,memory-aware,110,0,-0.0005451266220212192,-4.4765478594451,-0.0005785380086007486,0.4,110.96048480554701,4
high_vol,E2_harsh_corner,deepseek:deepseek-v4-pro+mem,101,0,0.12559530357847204,7.769274767433074,-0.007781828229625809,0.6666666666666666,755.4203036289155,6
high_vol,E2_harsh_corner,deepseek:deepseek-v4-pro+mem,102,0,0.005713955231084755,0.6745682677882808,-0.023427156650128178,0.5882352941176471,1114.785606021522,10
high_vol,E2_harsh_corner,deepseek:deepseek-v4-pro+mem,103,0,0.08521362876581584,10.657773169784843,-0.005217853401546457,0.6111111111111112,1013.5541830767813,11
high_vol,E2_harsh_corner,deepseek:deepseek-v4-pro+mem,104,0,0.05393637920867689,6.335316149980733,-0.011276140829240888,0.47368421052631576,988.0302946588947,9
high_vol,E2_harsh_corner,deepseek:deepseek-v4-pro+mem,105,0,0.004760996488506253,2.7314089423416887,-0.004780594673315042,0.2857142857142857,161.14690189386755,2
high_vol,E2_harsh_corner,deepseek:deepseek-v4-pro+mem,106,0,0.004103359480196023,0.5148864172847845,-0.02652812420223971,0.4375,931.2970394041802,7
high_vol,E2_harsh_corner,deepseek:deepseek-v4-pro+mem,107,0,0.039636046196653396,7.548854989978879,-0.001514491505316018,0.45454545454545453,457.955598747677,5
high_vol,E2_harsh_corner,deepseek:deepseek-v4-pro+mem,108,0,0.10143590973595207,7.334501369656363,-0.014845111759001717,0.55,796.1534903223039,11
high_vol,E2_harsh_corner,deepseek:deepseek-v4-pro+mem,109,0,0.08770124271491575,10.336996666760584,-0.0007938861873888481,0.5,1030.0761623163223,5
high_vol,E2_harsh_corner,deepseek:deepseek-v4-pro+mem,110,0,0.1149577078937305,8.492632768407994,-0.0030639558230458608,0.3125,513.5925282196907,5
