Date,Open,High,Low,Close,Volume
2021-12-31,210.335323,211.876266,210.240781,210.297501,23997400
2022-01-03,211.488666,214.305864,210.562193,213.010712,30618800
2022-01-04,213.653520,214.721793,211.176657,212.689240,22013100
2022-01-05,212.585255,213.568448,205.447726,205.485535,40582100
2022-01-06,205.920434,208.378387,204.029695,206.657822,39105900
2022-01-07,206.657821,208.340578,204.133671,204.266037,31583900
2022-01-10,203.037051,203.623175,199.576994,203.557007,45778100
2022-01-11,203.708221,205.929845,201.325900,205.721863,35209900
2022-01-12,206.582214,207.395233,202.914175,204.190430,35284500
2022-01-13,204.965596,206.270210,201.722985,202.318558,34489600
2022-01-14,200.408908,202.687237,199.075933,202.602158,42020900
2022-01-18,200.607442,200.834336,196.192567,196.476181,49434400
2022-01-19,197.402666,198.017165,193.214685,193.280853,46209100
2022-01-20,194.160025,197.572810,189.385905,189.782959,50466000
2022-01-21,188.847073,191.928988,186.228409,186.228409,85821000
2022-01-24,183.467876,191.333343,180.783015,190.520325,85782000
2022-01-25,187.636961,190.681053,183.931114,187.977295,61088500
2022-01-26,190.756695,192.430003,183.137017,185.264099,71471700
2022-01-27,186.833415,188.705242,180.187467,181.057205,59829000
2022-01-28,181.227340,184.640124,177.814555,184.583405,65870000
2022-01-31,183.770412,190.246201,183.259919,190.246201,53393800
2022-02-01,190.643256,192.448915,187.154839,192.250381,43429400
2022-02-02,192.496201,192.760904,188.402748,190.340759,42777800
2022-02-03,187.977278,190.246173,186.285072,186.738846,39629400
2022-02-04,186.275628,189.168472,184.271449,187.542435,34291100
2022-02-07,187.589701,190.170571,187.173751,188.468903,33242600
2022-02-08,188.572891,192.023485,188.468900,191.683151,28341900
2022-02-09,193.394282,195.360639,193.139029,195.322830,27329300
2022-02-10,191.815496,197.629528,191.078109,192.326004,44788100
2022-02-11,192.524534,194.802879,188.780878,190.378555,41516600
2022-02-14,190.614894,192.411091,188.355461,189.716782,32262700
2022-02-15,191.702075,195.039229,191.560276,194.802887,25847500
2022-02-16,194.084450,195.946830,192.931097,195.209442,30104800
2022-02-17,193.375368,193.829142,189.811320,190.208374,27140200
2022-02-18,190.047619,191.645296,187.901627,188.572845,36255400
2022-02-22,187.636978,189.499357,184.677980,185.916412,31847100
2022-02-23,187.410108,188.034042,182.030952,182.437454,31491500
2022-02-24,178.032014,187.636958,177.653857,187.220993,52221100
2022-02-25,187.835506,191.550802,186.237829,191.437363,33656200
2022-02-28,189.518261,193.422642,189.508812,192.212570,34975900
2022-03-01,191.588632,192.656890,186.994135,188.591812,40638900
2022-03-02,189.868040,194.084395,189.726241,193.082306,29978600
2022-03-03,193.885843,193.904754,189.348066,190.794495,30142700
2022-03-04,188.790322,189.886955,186.218916,187.807144,31610400
2022-03-07,188.336542,188.686324,183.099186,183.137009,39279800
2022-03-08,183.723131,188.667424,182.891215,184.148544,45715800
2022-03-09,187.391164,190.019290,186.823936,189.338623,29048000
2022-03-10,186.625434,189.111746,185.821864,188.998306,25661000
2022-03-11,189.811325,190.737783,185.708424,185.982574,24990000
2022-03-14,186.464713,186.653784,181.397531,182.182190,34969500
2022-03-15,182.891238,185.093936,182.342921,185.084488,25464300
2022-03-16,186.748294,190.907928,185.434231,190.907928,31869700
2022-03-17,189.801869,193.999313,189.357544,193.904770,25783100
2022-03-18,193.053979,196.116968,192.855444,195.946808,37092200
2022-03-21,195.880627,196.807086,192.798727,194.216782,26747500
2022-03-22,195.039238,197.383751,194.557105,196.164230,24699900
2022-03-23,194.887946,195.880587,192.619065,192.760864,19775000
2022-03-24,193.594472,195.034248,192.031537,194.977417,19781200
2022-03-25,195.214230,195.716259,193.651309,195.242645,19430400
2022-03-28,194.750084,195.327893,192.315701,195.308945,18999100
2022-03-29,197.023391,201.049110,196.909729,200.537613,29550600
2022-03-30,200.215583,200.566067,195.706783,196.511932,26251500
2022-03-31,196.199329,197.885394,194.323808,194.437485,26771600
2022-04-01,195.299443,196.758183,194.191189,196.616104,25948500
2022-04-04,196.900274,197.430720,195.015300,196.938171,20333900
2022-04-05,196.985525,198.387419,191.823122,192.277802,26509800
2022-04-06,190.648577,191.150607,188.195246,189.549789,34903900
2022-04-07,189.549805,190.610696,186.300805,188.934113,29291200
2022-04-08,188.706742,189.739217,187.077509,187.427979,25249600
2022-04-11,186.717546,188.735146,185.542992,186.168152,33702300
2022-04-12,188.214187,191.036922,186.054509,186.755463,33699800
2022-04-13,187.248015,190.819068,187.181716,190.307571,22303600
2022-04-14,190.497029,191.690532,188.375233,188.460495,27107000
2022-04-18,187.986844,188.668835,186.158687,187.191162,22246400
2022-04-19,187.418508,191.567371,187.257481,190.923248,22786700
2022-04-20,192.334624,193.111343,191.207420,191.652618,20516200
2022-04-21,193.452347,193.992274,186.622842,187.361679,31547700
2022-04-22,186.480774,186.954388,182.142468,182.511887,35686900
2022-04-25,180.911075,183.866422,179.225011,183.620148,35556500
2022-04-26,182.170886,182.540305,177.586292,177.832581,40513600
2022-04-27,177.766289,179.764941,176.430694,177.093765,37808000
2022-04-28,179.187101,181.299415,174.962472,180.399551,37405200
2022-04-29,179.584925,181.611993,174.773006,175.189789,41193400
2022-05-02,175.142446,177.908365,172.755442,177.027435,38002100
2022-05-03,177.055829,179.509146,175.881262,178.542984,30246300
2022-05-04,179.073431,183.695893,175.890745,183.307541,38834700
2022-05-05,181.422536,181.450951,173.702635,175.871780,41468700
2022-05-06,175.199292,175.635009,171.022014,172.944885,45457900
2022-05-09,170.368407,173.011167,164.912380,165.670151,53682200
2022-05-10,168.199276,169.468558,162.165424,165.717529,53650800
2022-05-11,165.888017,168.786532,161.312905,161.597076,64377800
2022-05-12,160.867721,165.139714,159.986792,163.491547,52967400
2022-05-13,165.802738,169.942133,165.774323,168.672852,36517000
2022-05-16,168.132959,169.970584,166.844729,167.867737,28225500
2022-05-17,170.889380,173.191136,169.544318,173.001694,31833700
2022-05-18,170.946239,171.836635,165.859629,166.939468,36093800
2022-05-19,165.660689,169.373820,165.660689,167.214142,33627700
2022-05-20,169.080193,169.525391,162.724287,166.787903,42243700
2022-05-23,168.492924,169.515932,166.238517,168.805511,24644100
2022-05-24,167.252037,167.593026,163.235786,166.304810,26861800
2022-05-25,165.651201,170.292611,165.584888,169.298019,27950100
2022-05-26,170.358945,174.100492,170.216852,173.077484,25702700
2022-05-27,174.062620,177.747336,173.721617,177.737869,24952100
2022-05-31,177.046378,177.775733,174.375188,175.530807,29794500
2022-06-01,176.440146,177.074787,172.177621,174.536209,28352100
2022-06-02,174.848798,178.798737,174.450964,178.798737,24876000
2022-06-03,177.406289,178.040944,175.985447,177.188431,18972100
2022-06-06,179.300766,179.319714,176.970593,177.955704,24678700
2022-06-07,176.572747,180.863688,176.089651,180.825790,21661600
2022-06-08,179.935416,180.636356,177.188447,178.031479,21521700
2022-06-09,177.171071,177.664932,174.302900,174.340897,21697200
2022-06-10,171.434705,172.422427,168.718494,169.611237,37153600
2022-06-13,164.900597,166.163732,160.778783,161.643036,39712700
2022-06-14,162.089411,162.630760,159.306726,160.864273,30282400
2022-06-15,162.602290,165.308995,160.180490,163.219604,32150500
2022-06-16,159.401674,159.952516,154.596073,155.659760,43810600
2022-06-17,156.210623,159.097793,155.469840,156.875427,40327300
2022-06-21,159.534671,161.529098,158.423495,159.686630,34665400
2022-06-22,157.616203,160.750281,157.055855,159.382690,29303500
2022-06-23,159.734109,161.671540,158.176562,161.291656,27089800
2022-06-24,162.611788,166.296723,162.307869,166.287216,37138500
2022-06-27,166.838038,168.091681,165.422944,166.904526,24745400
2022-06-28,168.034668,169.193332,163.684945,163.770416,25909200
2022-06-29,163.874901,164.017354,160.474887,162.108414,21292500
2022-06-30,159.743608,162.697250,158.376002,160.845291,31466300
2022-07-01,160.550871,163.200596,159.230755,162.792221,24598600
2022-07-05,160.199489,164.207327,158.347530,164.140854,25151100
2022-07-06,163.779917,164.976578,161.215665,162.925171,25697600
2022-07-07,164.169355,167.132491,164.159863,166.781097,24822500
2022-07-08,166.268254,168.091723,164.919633,166.762100,20547000
2022-07-11,165.498952,166.173262,162.972696,163.409561,22031500
2022-07-12,162.915686,164.644191,161.984960,162.849213,23864200
2022-07-13,160.645842,163.618484,160.303941,162.706757,25535600
2022-07-14,160.199455,161.453098,158.622924,161.035217,25102200
2022-07-15,162.915681,164.634694,160.797800,164.387756,34935900
2022-07-18,166.325210,167.426879,163.409550,163.922409,23031500
2022-07-19,165.964292,169.896149,165.878820,169.706207,24234600
2022-07-20,169.668205,172.669337,169.430774,172.365433,26049300
2022-07-21,171.377700,173.324637,169.858150,173.248657,21709900
2022-07-22,173.685566,174.036959,169.098396,170.484985,25116100
2022-07-25,170.997848,171.824104,169.459285,171.368240,19267200
2022-07-26,170.741445,171.149834,169.563781,170.314072,19391200
2022-07-27,171.406220,174.986684,170.950356,174.188919,21670700
2022-07-28,175.053172,176.781663,172.621866,176.582214,22838500
2022-07-29,176.686643,178.291679,175.736919,177.835815,21760600
2022-08-01,176.449247,178.852063,174.958188,177.769363,23905600
2022-08-02,177.095067,179.516866,176.154834,177.598419,17492600
2022-08-03,178.833047,180.590028,178.206226,180.210144,19157700
2022-08-04,180.295617,180.485559,178.966009,179.830261,14838900
2022-08-05,178.044784,181.416307,177.759864,181.207367,18540300
2022-08-08,182.489481,184.844807,182.242558,183.125809,22188700
2022-08-09,182.385002,182.508471,179.649807,180.628021,18247300
2022-08-10,183.895123,186.098475,183.401262,185.785065,20796400
2022-08-11,187.494545,189.498464,186.183921,186.478348,23727600
2022-08-12,187.428063,190.353201,186.696772,190.286728,21726600
2022-08-15,188.805181,191.046531,188.254340,190.961060,17414800
2022-08-16,190.419701,191.834795,189.023605,190.885071,18833100
2022-08-17,188.729198,189.308530,186.506846,187.675003,22428000
2022-08-18,187.931422,189.232539,187.000682,188.919128,18368100
2022-08-19,186.934206,187.200128,184.312973,184.863800,27416400
2022-08-22,182.337569,182.679470,180.457104,181.055435,22937000
2022-08-23,181.340331,183.230273,180.817980,181.349823,20069800
2022-08-24,181.197857,183.581674,180.599540,182.736420,16038300
2022-08-25,183.657678,185.623600,183.277780,185.576111,14795000
2022-08-26,185.519097,185.614075,179.174947,179.478851,24177200
2022-08-29,177.550942,179.488388,177.142568,177.826370,19753300
2022-08-30,178.377156,178.557592,174.312324,175.338028,22548900
2022-08-31,175.641989,176.401771,173.979971,174.274384,22412500
2022-09-01,172.640845,172.745316,169.905635,172.374924,30706600
2022-09-02,174.369369,174.701764,170.133593,171.035828,27468200
2022-09-06,171.624653,171.976046,168.576032,169.345306,23837100
2022-09-07,169.022391,173.296149,168.984394,173.030228,24781200
2022-09-08,171.605660,174.549796,170.589448,174.473831,25273200
2022-09-09,176.021873,178.196749,175.793948,177.978302,23208800
2022-09-12,179.117973,180.314620,178.519642,180.134171,23134600
2022-09-13,175.565984,176.563197,172.412894,173.087204,34144700
2022-09-14,173.391159,174.103452,171.491711,173.761551,25278300
2022-09-15,172.773811,175.404551,171.767106,172.498398,25378700
2022-09-16,170.086114,170.646447,168.015722,169.991150,41155900
2022-09-19,168.110688,171.662662,168.063213,171.444229,25412200
2022-09-20,169.782190,169.943642,167.825761,169.107880,22247500
2022-09-21,170.351999,171.995032,166.515120,166.524612,29357100
2022-09-22,166.201713,166.752555,162.155894,162.773209,33468600
2022-09-23,160.503382,160.683832,156.704485,158.898346,40336900
2022-09-26,157.963763,161.304992,156.159500,156.722733,30597800
2022-09-27,158.765652,160.025780,155.873104,157.257324,42406600
2022-09-28,158.240598,163.233359,157.581911,162.230988,35186500
2022-09-29,160.168956,160.312146,156.369506,158.593811,31464000
2022-09-30,158.259678,161.830025,157.390955,157.438690,40643800
2022-10-03,159.748920,162.574651,157.753732,161.610458,33611600
2022-10-04,164.779909,168.092501,164.703537,168.016129,37537300
2022-10-05,165.543595,167.376496,163.643862,166.775070,25281400
2022-10-06,165.963585,168.178334,165.066224,165.839478,22635900
2022-10-07,164.130737,164.646249,160.302648,160.961349,26536100
2022-10-10,161.610457,161.877768,159.032940,160.063950,23386400
2022-10-11,159.386191,162.393291,157.324171,160.111710,28009100
2022-10-12,160.283498,160.818107,157.973279,159.672531,26796700
2022-10-13,156.560449,164.388468,155.128493,163.624756,45376500
2022-10-14,164.904001,166.030466,159.147541,159.242996,29608600
2022-10-17,162.498280,164.789403,162.393270,164.321640,28199200
2022-10-18,167.882443,169.247566,164.856245,166.269104,34523100
2022-10-19,164.665324,165.534032,161.648668,163.443390,27146900
2022-10-20,163.643840,165.677221,160.827665,161.362259,26710700
2022-10-21,161.715479,165.343102,160.560377,164.865784,45402700
2022-10-24,165.457683,166.106829,163.290653,165.572235,27284500
2022-10-25,165.696326,170.784527,165.686770,170.087646,33105700
2022-10-26,171.023189,174.097121,170.240395,170.927734,37084700
2022-10-27,172.397867,173.743909,170.755891,170.965912,28651800
2022-10-28,171.672330,175.089932,170.631780,174.851273,33221600
2022-10-31,174.001668,175.882303,173.314328,175.013580,25699400
2022-11-01,176.836944,177.180614,174.584000,175.252243,27446700
2022-11-02,174.545806,176.607825,169.381217,169.438507,38139600
2022-11-03,167.338298,169.868094,166.211833,168.302490,29093200
2022-11-04,170.803627,171.777360,167.510132,170.574509,25842400
2022-11-07,171.586422,172.397855,169.619858,171.347763,20689900
2022-11-08,172.054202,173.696178,169.314398,171.414597,20265200
2022-11-09,169.925358,170.564963,166.374108,166.708237,27277000
2022-11-10,173.600714,177.037398,172.932457,176.970581,38572800
2022-11-11,177.333330,180.273613,177.266513,178.421616,28765400
2022-11-14,177.361977,179.271251,176.254610,176.426437,26499600
2022-11-15,179.318983,180.960960,177.667465,179.042145,26128800
2022-11-16,178.135248,178.173427,175.376348,175.891846,24802000
2022-11-17,173.381166,174.650835,172.321518,174.259430,20835700
2022-11-18,176.216424,176.903764,174.288068,175.385895,27269100
2022-11-21,174.488549,174.879953,173.199783,174.469452,19038900
2022-11-22,175.404979,176.550541,174.058938,176.330978,16869700
2022-11-23,175.930018,177.352432,175.223596,176.789200,19758800
2022-11-25,176.693722,177.915656,176.283235,177.161499,13393400
2022-11-28,175.777298,176.531455,173.066118,173.591171,17465600
2022-11-29,173.705732,175.280877,173.705732,174.097122,14020600
2022-11-30,174.383525,178.927591,172.598359,178.870316,28030100
2022-12-01,179.614918,180.655483,177.686562,178.478912,21996400
2022-12-02,176.006384,180.292708,175.968205,179.519455,22574800
2022-12-05,178.383439,178.574363,173.915731,174.574432,25449300
2022-12-06,174.583986,174.679441,170.956363,171.901459,18502100
2022-12-07,171.595973,173.266587,170.985006,171.395493,17177800
2022-12-08,172.569749,174.345375,171.366897,172.636566,20971400
2022-12-09,171.615068,172.607884,170.459951,170.517227,22046500
2022-12-12,170.736822,172.875199,169.925374,172.521988,22765400
2022-12-13,178.122765,178.995496,172.761726,173.950943,38445300
2022-12-14,173.883799,175.418271,171.505380,172.809677,32406900
2022-12-15,170.738159,171.284820,167.870620,168.484406,33546700
2022-12-16,166.681397,167.937738,165.597675,167.228043,38502400
2022-12-19,167.458220,167.880200,164.446831,164.964706,25614000
2022-12-20,164.638631,166.892384,164.168696,165.837433,18050800
2022-12-21,167.304751,169.558504,167.064991,168.695358,22997200
2022-12-22,167.189720,167.343170,163.679625,166.489624,21297600
2022-12-23,166.374492,167.304763,165.281185,167.247223,11647700
2022-12-27,167.218475,167.419880,165.511382,166.125168,13553800
2022-12-28,166.086803,166.969134,163.363129,163.545349,19648000
2022-12-29,164.686581,168.071996,164.379681,167.688385,22311300
2022-12-30,166.240249,167.563731,165.540153,167.218475,21275600
2023-01-03,168.724164,170.057246,164.859228,166.297791,22503800
2023-01-04,167.467807,169.433845,167.141737,168.369308,22973500
2023-01-05,167.439061,167.602097,165.329173,166.566330,17032600
2023-01-06,168.119951,170.747715,166.748514,170.306564,21986900
2023-01-09,171.678006,172.742543,170.373709,170.594299,18366500
2023-01-10,170.383288,173.222042,170.038032,173.116547,18751100
2023-01-11,173.835867,175.303199,173.279621,175.274429,18222700
2023-01-12,176.051245,178.333754,174.468818,178.218674,29650800
2023-01-13,176.943144,179.666818,176.780109,179.388702,22120000
2023-01-17,179.340742,180.146333,178.611876,179.168121,22422600
2023-01-18,179.772315,181.220477,176.175910,176.271820,23507800
2023-01-19,175.245634,175.600489,173.375506,174.583893,24624500
2023-01-20,175.226445,177.566494,173.845423,177.460999,36070300
2023-01-23,177.835054,180.414878,177.019878,179.657242,20329900
2023-01-24,178.947565,180.136782,178.266654,179.273636,19263500
2023-01-25,177.815870,179.829848,176.338938,179.772308,18174600
2023-01-26,181.239633,182.074009,178.659810,180.836838,18369100
2023-01-27,180.280637,182.505620,180.098417,181.815109,20019900
2023-01-30,180.146335,181.843842,179.177708,179.283203,18395100
2023-01-31,179.743547,183.733163,179.705192,183.637253,21567900
2023-02-01,183.359162,188.154370,182.342580,186.524002,27007300
2023-02-02,187.981715,191.098600,186.389717,190.197113,31020400
2023-02-03,188.077639,190.973949,187.684429,188.921600,24981500
2023-02-06,187.636456,188.336567,185.449843,186.188309,18160100
2023-02-07,185.488233,188.068057,183.800310,187.569351,27074100
2023-02-08,186.399258,187.367885,184.327726,184.826431,17933500
2023-02-09,186.274623,187.128169,181.671221,182.150742,20516600
2023-02-10,181.527386,182.822098,180.808105,182.515198,15248700
2023-02-13,182.706987,184.960741,181.556141,184.711395,15754400
2023-02-14,183.445444,186.006083,182.294597,184.625061,21889600
2023-02-15,183.157749,186.581534,182.726183,186.495224,18721200
2023-02-16,183.944159,186.888409,183.416683,184.711395,21366300
2023-02-17,184.020864,185.449826,183.148133,185.219666,23892200
2023-02-21,182.937153,183.502984,179.570922,179.753128,26004000
2023-02-22,180.136753,181.402680,179.100987,180.242249,24651700
2023-02-23,181.594499,182.505585,179.053030,181.527359,21311700
2023-02-24,179.005088,180.088810,178.170727,179.829865,24280700
2023-02-27,181.383531,182.409698,179.916199,180.462845,17562900
2023-02-28,180.414902,182.237090,180.366962,180.472443,19542600
2023-03-01,180.482000,181.728757,179.522959,180.702576,22532800
2023-03-02,179.206472,181.546535,178.496776,181.134140,18104400
2023-03-03,181.901401,184.068829,180.702599,183.656448,22774300
2023-03-06,183.713959,183.886594,180.203864,180.971100,23266700
2023-03-07,180.923214,181.326024,178.592749,178.870865,25865700
2023-03-08,179.139374,179.925795,177.537776,178.957169,22505900
2023-03-09,179.081814,179.599705,173.855041,173.979721,33546900
2023-03-10,173.001499,173.001499,167.122570,168.963928,69274200
2023-03-13,165.453835,169.174906,164.063228,166.211472,74171500
2023-03-14,171.284817,171.917773,167.458236,169.290009,48946200
2023-03-15,164.887994,166.786907,163.401491,166.499191,54405800
2023-03-16,164.446823,170.114761,163.516552,168.772095,52392300
2023-03-17,166.911579,167.602090,163.861834,164.216675,70239900
2023-03-20,165.962108,168.187076,165.463402,166.345718,46103200
2023-03-21,169.318777,170.882005,168.752947,169.414673,34465900
2023-03-22,169.289990,170.085996,164.504368,164.609863,56098200
2023-03-23,165.833278,167.864322,162.396875,163.879242,47720900
2023-03-24,162.435456,165.669727,161.193734,165.361694,47519700
2023-03-27,167.334910,168.191606,165.910296,167.200150,33880600
2023-03-28,166.622639,167.979866,166.227978,166.959534,28555100
2023-03-29,168.778812,168.980960,167.075055,168.855820,25564800
2023-03-30,170.261184,170.675087,167.922107,168.624786,26728600
2023-03-31,169.799159,171.955344,169.770283,171.724319,39602900
2023-04-03,172.253714,173.052657,169.885775,171.801300,27609000
2023-04-04,172.224825,172.398097,167.796965,168.788422,33487200
2023-04-05,167.729592,168.287890,166.073953,167.132797,28247300
2023-04-06,167.219420,167.931734,166.218328,167.383057,26366300
2023-04-10,166.593754,169.298602,166.555243,169.173462,22237800
2023-04-11,169.962781,171.310387,169.529608,170.511444,21876200
2023-04-12,172.128585,172.282587,169.009821,169.260086,27018100
2023-04-13,169.933889,172.003445,169.346714,171.502899,23259900
2023-04-14,171.656932,172.513628,168.778812,169.905029,29600400
2023-04-17,170.347805,172.167081,170.136036,172.090073,22177300
2023-04-18,172.869794,172.908306,170.318963,171.358551,22873100
2023-04-19,170.453708,172.099712,169.972418,171.579926,19306800
2023-04-20,170.521079,171.753181,169.914664,170.694351,20336300
2023-04-21,171.156371,171.300767,169.279342,170.915726,25972800
2023-04-24,170.742464,171.772417,169.895389,170.800217,17781000
2023-04-25,169.057975,169.356373,166.536005,166.584137,28857900
2023-04-26,165.785172,166.911389,164.601203,164.976608,30309800
2023-04-27,165.592687,167.354211,164.543478,167.180939,33424100
2023-04-28,166.805511,169.250473,166.699627,168.644043,31911900
2023-05-01,168.451518,170.703952,168.220494,168.740295,27420100
2023-05-02,167.874019,167.922151,163.561663,165.275055,40851100
2023-05-03,165.775555,169.125330,165.746679,165.881439,43261400
2023-05-04,164.909268,165.140278,162.464306,164.023682,42382100
2023-05-05,166.805492,168.547774,166.622614,167.922089,35456800
2023-05-08,168.701808,168.980964,166.651522,167.537094,22109900
2023-05-09,166.507108,167.748844,165.717799,167.036530,21465500
2023-05-10,169.375624,169.433376,166.256858,167.883621,27281900
2023-05-11,166.738162,167.277204,165.669697,166.593781,25884600
2023-05-12,167.152028,167.691086,165.226868,166.256836,20406400
2023-05-15,166.824747,169.134947,166.353092,168.287872,24310000
2023-05-16,167.113562,168.268655,165.785196,165.833328,24212900
2023-05-17,166.940289,169.895418,165.717823,169.529633,38231600
2023-05-18,168.990560,170.925355,168.470773,170.559570,30446600
2023-05-19,171.830191,172.195976,168.692185,169.520004,34316300
2023-05-22,170.010908,172.321109,169.452609,171.589539,28207200
2023-05-23,171.252660,173.774616,170.742494,170.780991,32708900
2023-05-24,169.943498,170.126391,168.133843,168.971283,28744200
2023-05-25,168.692161,168.961682,166.237579,167.652573,36202600
2023-05-26,167.777738,169.779906,167.508216,169.558502,29841300
2023-05-30,170.097559,170.906123,168.220516,168.932831,25572600
2023-05-31,168.153150,169.423749,165.910336,167.267578,34598800
2023-06-01,167.354197,169.645143,166.458990,169.077209,27800900
2023-06-02,171.348891,175.276220,170.809849,175.208847,50212400
2023-06-05,174.477281,174.477281,171.762812,172.860153,34465800
2023-06-06,172.234446,178.038818,172.234446,177.413132,58584500
2023-06-07,178.531861,181.244199,178.531861,180.732620,60685600
2023-06-08,180.259669,180.867779,178.483620,180.056961,34185000
2023-06-09,179.844617,180.124532,178.039597,178.599442,30242200
2023-06-12,178.792485,180.192088,177.817592,179.342682,26580500
2023-06-13,179.960429,182.412147,179.796339,181.398636,35758200
2023-06-14,181.775114,182.663138,178.136133,179.448868,37114100
2023-06-15,178.647694,181.051161,178.483604,180.925674,36488400
2023-06-16,181.417937,181.997090,178.657334,179.477798,50684500
2023-06-20,178.724955,179.120710,177.373602,178.695999,33269300
2023-06-21,178.029940,179.448853,177.209476,178.280899,30730200
2023-06-22,177.798286,177.846551,176.147724,176.958527,27063700
2023-06-23,174.487495,176.070498,173.792517,174.294449,50610100
2023-06-26,174.168977,176.389045,174.101403,174.468201,31507900
2023-06-27,174.902553,177.595597,174.130353,176.987488,28818800
2023-06-28,176.630334,178.010629,175.790560,177.856186,23187600
2023-06-29,178.300245,180.578227,178.020316,179.902557,32084100
2023-06-30,181.717196,181.881286,180.414123,180.761612,30287300
2023-07-03,180.414085,182.277002,180.249995,181.128357,14011900
2023-07-05,180.626467,180.703689,178.995199,179.323380,24092100
2023-07-06,177.248108,177.325329,174.439239,176.427643,39080800
2023-07-07,176.620702,180.008725,176.572437,178.290588,31706700
2023-07-10,178.165106,181.514511,177.759705,181.340759,29725100
2023-07-11,181.929558,183.473957,181.167020,183.203690,26738800
2023-07-12,186.060774,186.340704,184.719083,185.201706,40127300
2023-07-13,185.819483,186.958481,185.134167,186.697861,23523000
2023-07-14,186.620643,186.765439,183.676640,184.873550,32198600
2023-07-17,184.690139,187.605186,184.497093,186.852295,23283700
2023-07-18,186.968128,189.564642,186.765435,189.159241,28489800
2023-07-19,189.863858,190.790500,189.120614,189.960388,23679000
2023-07-20,190.095513,190.095513,187.518309,188.300156,27278100
2023-07-21,189.564654,189.786657,187.344585,187.701736,28982400
2023-07-24,187.798271,189.439187,187.248089,188.165070,16929800
2023-07-25,187.817541,189.390897,187.663099,188.145721,18961100
2023-07-26,188.000965,190.307902,187.943052,189.632233,20377900
2023-07-27,190.761534,191.022140,186.466178,187.180466,31159300
2023-07-28,189.207501,190.105173,188.705569,189.603241,21612200
2023-07-31,190.085835,191.842589,190.076187,191.803986,24203900
2023-08-01,190.568493,191.060778,188.975843,190.925644,27444300
2023-08-02,188.792431,189.275054,187.344562,188.329117,28079700
2023-08-03,187.547274,188.840700,186.350364,187.798233,24279300
2023-08-04,188.049202,189.487409,186.977779,187.421783,24950400
2023-08-07,187.894776,188.280869,185.983579,187.547287,20185000
2023-08-08,185.462341,186.572368,183.898648,186.369675,25578200
2023-08-09,186.166963,186.176625,184.120646,184.912155,22293200
2023-08-10,185.558868,187.373520,183.290534,184.091690,29378800
2023-08-11,183.319490,185.027979,183.145753,184.352310,21789000
2023-08-14,183.338820,184.072402,182.083997,184.033798,20354900
2023-08-15,182.933393,183.049218,181.504818,181.601349,25491300
2023-08-16,181.456605,182.489411,179.352361,179.381317,27018400
2023-08-17,179.863924,180.250031,177.248116,177.267410,26715100
2023-08-18,175.877463,178.811804,175.616843,178.232651,33375200
2023-08-21,178.280917,178.840761,176.707576,177.972046,22678100
2023-08-22,178.609101,179.101386,176.852361,177.441162,21299200
2023-08-23,177.605239,179.641909,177.055042,179.333023,21231100
2023-08-24,178.811773,179.863887,176.833016,176.852325,26582300
2023-08-25,177.663183,178.570516,175.298333,177.605270,29340400
2023-08-28,178.416063,180.259687,178.396769,179.188263,23002000
2023-08-29,179.091719,181.823366,178.155444,181.688232,22986000
2023-08-30,181.205612,183.020279,180.819519,182.373566,19869900
2023-08-31,182.624530,183.647688,181.977817,182.055038,17953400
2023-09-01,183.464303,185.192087,183.251948,184.217194,25094600
2023-09-05,183.058854,183.300165,180.278956,180.336868,27160100
2023-09-06,180.558865,181.553067,178.657330,179.661194,26406200
2023-09-07,178.705629,178.937294,177.209495,177.923782,23894800
2023-09-08,178.145803,178.406423,177.074379,177.528046,19399100
2023-09-11,178.821413,179.265432,177.798255,177.952698,17424700
2023-09-12,177.643858,178.898681,177.354296,177.778992,16826300
2023-09-13,178.087863,178.454661,176.051194,176.611038,24415700
2023-09-14,178.116794,179.603281,177.836879,179.101349,27952500
2023-09-15,178.367758,178.638040,176.437266,177.228775,39695500
2023-09-18,177.315663,177.373575,176.031884,176.051193,19287800
2023-09-19,176.147722,176.929568,174.777074,175.365860,24085900
2023-09-20,176.060818,177.132241,173.570497,173.609100,27642900
2023-09-21,172.296402,172.547360,170.916107,170.916107,31625600
2023-09-22,171.389082,172.170929,170.423836,170.530014,23164700
2023-09-25,169.584052,171.678634,169.439256,171.292542,22416200
2023-09-26,170.195693,171.669757,169.022258,169.090149,30476000
2023-09-27,170.147226,171.582491,169.187157,170.670914,37293000
2023-09-28,170.767873,173.172929,170.651505,172.212845,31372400
2023-09-29,173.560820,173.745080,170.826045,171.398224,36689000
2023-10-02,171.000618,171.388523,167.916722,168.808929,42139300
2023-10-03,167.722776,168.256156,165.220752,165.967484,42733600
2023-10-04,165.841415,166.423287,163.979447,166.045074,42491900
2023-10-05,165.637778,166.704523,164.803770,166.171158,33365100
2023-10-06,165.220770,168.634386,164.386762,167.771286,42160900
2023-10-09,166.646338,169.274438,166.578462,168.741058,26658400
2023-10-10,169.041642,171.689127,169.012550,170.651474,31585000
2023-10-11,170.796961,171.873414,169.109561,170.360565,27427200
2023-10-12,170.564247,170.564247,165.628074,166.510574,38693800
2023-10-13,167.140931,167.480344,164.561323,165.123795,33955600
2023-10-16,166.549368,168.149492,165.851128,167.790680,31140300
2023-10-17,166.743317,171.087910,166.704518,169.662338,39823200
2023-10-18,168.391939,168.411338,165.831730,166.171158,38501400
2023-10-19,165.695955,166.946960,163.271515,163.523651,51397300
2023-10-20,163.562435,163.921247,161.399823,161.409531,54421900
2023-10-23,160.653108,162.398708,159.673625,160.042145,45590900
2023-10-24,161.419245,162.553881,160.410684,161.438644,32666300
2023-10-25,160.022733,160.653096,158.461393,158.771729,36832900
2023-10-26,159.188754,160.759802,158.267470,159.179062,50525600
2023-10-27,159.547569,159.848197,156.783701,157.307388,46017100
2023-10-30,158.839647,159.828823,157.045570,158.180206,35156300
2023-10-31,158.461402,160.003358,157.908638,159.547562,31533200
2023-11-01,159.489376,160.594920,158.170480,160.459152,44367100
2023-11-02,162.679950,164.861946,162.272645,164.735870,50458100
2023-11-03,167.577293,170.341146,167.557894,169.216217,57060700
2023-11-06,169.216262,169.497491,166.209950,167.102142,35294400
2023-11-07,166.374806,167.296091,165.414737,166.510574,31168900
2023-11-08,166.510562,166.927574,164.183106,164.735870,44938600
2023-11-09,165.860809,165.860809,161.933213,162.185364,38577400
2023-11-10,163.135771,164.580743,161.748983,163.998871,36121300
2023-11-13,163.155137,164.638894,162.456897,164.057022,27610300
2023-11-14,168.964090,173.075946,168.954398,173.066254,77611000
2023-11-15,172.959578,176.266503,172.726827,173.366882,59641400
2023-11-16,172.755913,173.231109,169.865984,170.564224,46616700
2023-11-17,172.086759,173.240795,171.757039,172.901367,43418700
2023-11-20,173.124442,174.220279,172.368017,173.909958,26665100
2023-11-21,172.852928,173.114757,171.563124,171.669800,30457000
2023-11-22,172.794723,173.968159,172.057699,172.746246,28940900
2023-11-24,172.668646,174.297862,172.426202,173.909958,13846900
2023-11-27,173.105035,173.696599,171.873415,173.328079,30665800
2023-11-28,173.153531,173.803279,171.844327,172.658936,28350200
2023-11-29,174.123306,176.256810,173.298990,173.570526,31590200
2023-11-30,174.608208,175.180372,173.357188,174.229996,32216800
2023-12-01,173.783891,179.583148,172.823822,179.321320,64221300
2023-12-04,178.661862,181.338454,178.458217,181.241470,44862600
2023-12-05,180.426848,180.426848,178.419405,178.817017,36873500
2023-12-06,180.087457,182.240362,178.235181,178.497025,43637900
2023-12-07,178.758844,179.951664,177.847252,179.786804,32662300
2023-12-08,179.554020,182.075444,179.272792,181.154160,36087100
2023-12-11,181.037799,181.949391,180.271682,181.532394,29302100
2023-12-12,181.319052,181.988200,179.738313,181.348145,32024000
2023-12-13,181.445115,187.787445,180.058328,187.486816,69484800
2023-12-14,190.919794,193.993982,190.541582,192.704193,83649300
2023-12-15,192.936947,193.518818,190.027619,191.084671,74160700
2023-12-18,191.976873,192.762389,190.735546,191.152557,44451100
2023-12-19,192.481168,195.215944,192.035079,194.857117,52156200
2023-12-20,194.530092,196.778486,190.928768,191.045563,62360300
2023-12-21,193.206367,194.491172,192.252506,194.296494,38613400
2023-12-22,195.522882,197.401406,194.851281,196.106873,39173800
2023-12-26,196.817432,199.104753,196.311295,198.657028,26879000
2023-12-27,198.987933,200.009934,197.975659,199.357803,35806400
2023-12-28,198.355254,199.698457,197.858860,198.598587,28930100
2023-12-29,198.053525,198.588860,195.357407,195.357407,41496800
2024-01-02,194.082348,196.243146,193.147958,194.199158,44341500
2024-01-03,192.135654,192.398458,188.612199,189.020996,57532500
2024-01-04,188.884728,190.276600,188.524600,188.651138,43114200
2024-01-05,187.551296,190.247429,187.161954,188.096359,40964900
2024-01-08,188.135287,191.717156,187.132757,191.483551,31545400
2024-01-09,189.167032,190.549161,188.164501,189.770493,28998700
2024-01-10,189.546634,190.169566,187.930900,189.877563,35075200
2024-01-11,189.313029,189.546634,186.198370,188.388367,48939200
2024-01-12,190.665955,191.843693,187.502627,188.076889,42992100
2024-01-16,186.607162,188.106087,185.040098,185.750626,42213000
2024-01-17,183.112906,184.864891,182.528901,184.426895,37787700
2024-01-18,185.624096,186.071820,183.190767,185.517029,41760000
2024-01-19,186.188620,187.707030,184.183559,187.298218,63338300
2024-01-22,188.972337,191.571146,188.913940,191.298599,42379500
2024-01-23,192.933801,193.293929,189.780201,190.743805,42471200
2024-01-24,193.089556,193.167424,188.943153,189.176758,41120100
2024-01-25,191.843674,192.388738,189.225410,190.743805,37659500
2024-01-26,191.639291,192.612623,190.169565,190.753555,33478600
2024-01-29,190.928744,194.092072,189.887272,194.092072,29234400
2024-01-30,193.099282,193.624875,191.843691,192.437424,33121200
2024-01-31,191.950765,193.634625,187.570772,187.736237,68126700
2024-02-01,189.128081,190.519954,186.422221,190.227951,59479000
2024-02-02,188.086622,190.286346,187.259284,189.225418,52839300
2024-02-05,187.337138,187.960070,184.991406,186.821274,39751900
2024-02-06,186.587678,188.631680,185.925819,188.505142,34689100
2024-02-07,188.894507,188.972361,186.918630,188.067169,31713900
2024-02-08,188.203417,191.133141,187.570758,190.919006,35370800
2024-02-09,191.668465,194.228332,191.210998,194.023926,46107100
2024-02-12,194.539788,198.121656,194.510589,197.547394,43291000
2024-02-13,190.987154,192.359556,187.911423,189.420090,86247400
2024-02-14,192.408222,194.461953,190.996894,193.819565,43808000
2024-02-15,195.629939,199.309132,195.367135,198.987930,44931900
2024-02-16,196.729814,198.267680,195.727283,196.282089,48346200
2024-02-20,193.839022,194.393828,192.729424,193.576233,30547500
2024-02-21,192.388738,193.060340,191.152603,192.661270,28669100
2024-02-22,193.352321,194.753921,192.534726,194.121262,38184700
2024-02-23,194.277036,195.775960,193.274505,194.559296,37667700
2024-02-26,194.364604,196.262598,193.838996,195.785660,29118200
2024-02-27,197.664183,198.773781,197.138576,198.559647,32268600
2024-02-28,197.041279,198.423409,196.486473,196.924484,30143900
2024-02-29,199.708188,200.545254,197.119137,198.296860,40404100
2024-03-01,199.075530,200.827530,197.722599,200.399261,35156900
2024-03-04,201.508889,202.229159,199.971023,200.214355,24785400
2024-03-05,198.851666,200.418731,197.596060,198.296860,34163500
2024-03-06,200.535519,200.584188,198.637525,199.776321,34255200
2024-03-07,201.187659,202.550332,200.895657,201.440735,28020200
2024-03-08,203.173261,204.798723,200.311663,201.314194,41447800
2024-03-11,200.467411,201.323933,199.289673,199.717941,24435800
2024-03-12,199.678994,200.428464,197.965936,199.445404,34958900
2024-03-13,199.406465,201.070869,199.309141,200.224075,25140700
2024-03-14,199.581662,199.805525,194.831799,196.642197,47509100
2024-03-15,195.883017,197.664215,195.766221,197.012085,53217000
2024-03-18,197.498760,197.761549,195.552097,195.883026,32405100
2024-03-19,194.452221,197.343017,194.335426,196.710358,29864100
2024-03-20,196.145807,201.469933,195.746738,200.603668,49609600
2024-03-21,201.991266,203.894079,201.835134,202.908524,43067300
2024-03-22,202.820687,203.201250,200.107956,200.107956,28437300
2024-03-25,200.742257,202.001037,200.537332,200.566605,20107800
2024-03-26,202.040035,202.615755,200.029883,200.205521,23434800
2024-03-27,201.796090,204.635681,201.171577,204.567368,35028400
2024-03-28,204.996748,206.753197,204.762550,205.211426,37675100
2024-04-01,205.670042,205.699315,202.928038,203.279327,25684200
2024-04-02,200.771499,200.898358,198.478355,199.541992,36632100
2024-04-03,198.458849,201.405764,198.361263,200.849564,27362800
2024-04-04,203.015853,203.503754,198.292969,198.839417,32265200
2024-04-05,198.224691,200.722745,197.970987,199.502991,27569400
2024-04-08,200.995924,201.425279,199.629805,200.595856,21331000
2024-04-09,201.230144,201.961997,199.522488,201.386276,23289100
2024-04-10,196.312097,198.019752,194.711780,196.068146,57130500
2024-04-11,197.082984,198.000241,195.258237,197.395233,37184000
2024-04-12,196.360873,197.024427,192.896769,193.882339,35388700
2024-04-15,194.545870,195.385061,190.262094,191.042740,41119300
2024-04-16,189.705913,191.491635,188.681317,190.340179,43267500
2024-04-17,191.716055,191.862420,188.320264,188.330017,38589500
2024-04-18,189.013081,190.925661,187.500583,188.173889,40238200
2024-04-19,187.295668,189.686383,186.710180,188.466629,42666500
2024-04-22,189.510780,191.550205,188.232465,190.574402,31553000
2024-04-23,190.535338,194.497111,190.408493,193.765259,31838300
2024-04-24,193.374923,194.097023,191.706308,192.896774,28791700
2024-04-25,190.710986,192.067352,189.081396,191.725815,31915600
2024-04-26,192.233255,194.077523,191.667288,193.560349,24613600
2024-04-29,194.428786,195.560721,194.067743,195.121613,20494600
2024-04-30,193.316383,193.843310,191.013487,191.159851,30606800
2024-05-01,191.140333,195.472902,190.310894,191.559921,38782100
2024-05-02,193.970181,195.277754,191.784376,195.082596,27201000
2024-05-03,198.488121,199.219973,196.253523,197.014648,30880600
2024-05-06,198.546664,199.824964,198.458846,199.561493,23129800
2024-05-07,199.815218,201.161817,199.551747,200.010376,20116900
2024-05-08,197.814818,199.024819,197.658686,198.849167,18349400
2024-05-09,199.034593,201.005720,198.488145,200.878860,22914300
2024-05-10,201.356995,201.620451,198.751587,199.366348,21520200
2024-05-13,201.093522,201.552151,199.649338,199.785950,18585300
2024-05-14,202.118116,202.713356,200.927635,201.854645,33169000
2024-05-15,204.147777,204.694224,202.693825,204.372208,33412300
2024-05-16,203.845304,204.284427,202.898773,202.898773,26731100
2024-05-17,202.976822,203.474491,202.332803,203.045135,35219800
2024-05-20,202.986566,204.411230,202.752368,203.493973,15695900
2024-05-21,202.801143,203.640335,202.566945,203.298798,13466800
2024-05-22,202.508477,203.181784,200.820341,201.581467,20853100
2024-05-23,202.488930,202.596269,197.453797,198.273468,34039800
2024-05-24,199.834728,200.703193,199.024825,200.469009,19946100
2024-05-28,201.961987,202.079079,199.034577,200.195786,18475900
2024-05-29,197.629451,198.097833,196.897599,197.239136,25654800
2024-05-30,198.595496,199.981135,198.166140,199.112671,20428200
2024-05-31,199.990850,201.288670,198.166103,200.791016,25784900
2024-06-03,202.508447,202.537720,198.234424,199.659103,23902900
2024-06-04,198.234403,199.551743,196.770698,197.082962,27098900
2024-06-05,198.380782,200.098190,196.907310,200.098190,20707600
2024-06-06,199.239493,199.854254,198.078300,198.663773,17335500
2024-06-07,196.653621,198.253938,195.824182,196.331604,26036000
2024-06-10,194.692249,197.239096,194.194580,197.004898,25075300
2024-06-11,195.353168,196.703541,194.159364,196.331696,23768400
2024-06-12,201.449378,202.819325,198.738868,199.345551,43668700
2024-06-13,198.905203,199.169394,196.204458,197.603760,28021100
2024-06-14,195.274872,195.744560,193.689662,194.462692,33453700
2024-06-17,193.865807,196.635040,193.171061,196.096848,25538100
2024-06-18,196.155580,197.359164,195.734805,196.439346,25446900
2024-06-20,196.018554,197.525479,194.942168,195.607559,27999700
2024-06-21,195.636933,196.106637,194.198512,196.047928,37511300
2024-06-24,196.380628,198.337682,196.224060,196.899246,22289600
2024-06-25,196.811170,196.840525,195.529302,196.253403,15925400
2024-06-26,195.049821,196.272980,194.540983,195.734787,19313500
2024-06-27,196.321905,197.809255,195.666293,197.721191,17432600
2024-06-28,199.502118,200.245793,196.997091,198.533371,35026000
2024-07-01,199.149858,199.443420,196.175127,196.869888,21886200
2024-07-02,197.192804,197.926699,196.586107,197.545074,17219100
2024-07-03,197.907104,198.914986,197.300422,197.496124,15167200
2024-07-05,196.889458,197.300438,195.588015,196.556747,17282500
2024-07-08,198.161535,199.325984,197.505923,197.936478,20823800
2024-07-09,197.584201,198.171324,196.224049,197.075363,17864200
2024-07-10,197.946241,199.218329,197.163431,199.003052,19286100
2024-07-11,203.435793,206.694290,202.496415,206.156097,65443600
2024-07-12,208.348001,210.324630,208.093589,208.563278,50810700
2024-07-15,210.177847,213.553778,209.698378,212.526321,48925300
2024-07-16,214.434442,220.031618,214.317023,219.777206,67945700
2024-07-17,217.585269,221.773364,216.900303,217.477631,66092100
2024-07-18,216.655700,219.953331,212.320816,213.269989,53180000
2024-07-19,212.956867,213.954954,211.215090,212.183823,37933500
2024-07-22,213.005797,215.912024,210.755196,215.559753,36185900
2024-07-23,214.502957,218.945464,214.336594,217.849518,44884600
2024-07-24,216.322993,219.053077,213.044921,213.172134,42443000
2024-07-25,213.759237,219.209640,213.514606,215.833725,45053100
2024-07-26,219.092214,220.550225,216.939457,219.405350,40822600
2024-07-29,219.884863,220.579609,216.029464,216.968842,33869700
2024-07-30,217.937545,219.640187,216.362115,217.790771,26876800
2024-07-31,218.906312,223.720664,217.213450,219.053085,52387700
2024-08-01,218.965025,220.060971,210.442047,211.929413,71508100
2024-08-02,204.365395,206.655144,202.545333,204.433884,66850200
2024-08-05,193.650515,200.343652,192.476286,197.858185,65683100
2024-08-06,198.650788,202.799749,196.879657,200.010941,37072500
2024-08-07,203.386878,203.494517,197.231934,197.642914,30594500
2024-08-08,200.030516,202.555118,198.807357,202.447479,26550300
2024-08-09,202.604061,202.672550,200.539368,202.026733,20954500
2024-08-12,202.173499,202.535550,199.443415,200.206665,20357900
2024-08-13,201.664652,203.905487,200.461068,203.504288,25458300
2024-08-14,204.150129,204.267548,201.322186,202.241989,25345600
2024-08-15,206.723643,208.524144,205.402640,207.486893,42561600
2024-08-16,206.831267,209.385224,206.743203,208.034866,30427400
2024-08-19,208.387134,210.588820,208.250141,210.579025,17246200
2024-08-20,210.275712,210.334421,207.496699,208.122955,21703900
2024-08-21,209.678781,211.029153,208.250139,210.833450,19623100
2024-08-22,210.941108,211.723917,208.553499,208.974258,18084300
2024-08-23,210.559459,216.332778,210.177834,215.647812,40003100
2024-08-26,217.164509,217.673348,215.354243,215.716293,24865500
2024-08-27,214.209393,214.659507,213.035163,214.043045,19577900
2024-08-28,213.191690,214.414849,211.626055,212.594788,19685000
2024-08-29,214.082172,216.234929,212.487168,214.111526,24599500
2024-08-30,214.992213,215.765243,212.731803,215.354263,23010500
2024-09-03,213.446111,214.659475,208.338199,208.768753,31338500
2024-09-04,208.191432,210.745388,207.154196,208.416504,23706300
2024-09-05,208.954687,209.434170,206.390950,207.379257,23910500
2024-09-06,207.379239,208.612192,202.692101,203.435776,34561300
2024-09-09,203.680411,205.745103,203.063949,204.003326,23584100
2024-09-10,204.238205,204.375199,201.371113,203.837006,23025700
2024-09-11,203.015022,204.756799,199.825029,204.433884,27175600
2024-09-12,205.402623,208.210991,203.934833,207.066116,27611700
2024-09-13,209.434178,212.585037,209.346114,212.174057,37388100
2024-09-16,212.956892,213.602708,211.498881,212.937317,23289000
2024-09-17,214.865002,217.037334,213.778836,214.698654,35563500
2024-09-18,214.522501,220.109897,213.563548,214.737778,54085200
2024-09-19,219.835907,219.855467,216.743758,219.160721,35369500
2024-09-20,218.651892,218.661687,216.538270,216.812271,34587500
2024-09-23,217.908203,218.319183,215.295538,216.019638,20157700
2024-09-24,216.870993,217.164539,214.786725,216.381729,20939800
2024-09-25,216.324775,216.609510,213.595173,213.742462,23242300
2024-09-26,216.491699,217.120093,214.419961,214.881439,24974700
2024-09-27,216.854952,218.563404,215.549068,216.334564,23959600
2024-09-30,215.441070,217.571718,214.616306,216.884415,21938200
2024-10-01,216.177481,216.344397,212.377664,213.938828,30016000
2024-10-02,213.055146,214.783225,212.289291,213.644257,14455400
2024-10-03,212.308932,213.290798,211.179792,212.210754,21353000
2024-10-04,215.313440,215.990930,213.349708,215.175980,27901500
2024-10-07,214.675232,214.694874,211.955458,213.487167,14891800
2024-10-08,213.683572,214.410144,212.770429,213.634476,18118600
2024-10-09,213.585356,215.627639,212.986417,214.105743,18230700
2024-10-10,211.984924,212.947164,210.708510,212.917709,24571400
2024-10-11,212.839142,217.591370,212.780232,217.247711,19950900
2024-10-14,217.434255,219.064156,216.432747,218.848145,19263300
2024-10-15,218.533984,221.410845,217.954672,219.024918,25998800
2024-10-16,220.811898,223.050552,220.320965,222.628357,27656700
2024-10-17,222.795275,222.844371,220.831543,222.019592,18003600
2024-10-18,222.549800,222.913086,221.302826,221.558105,20047400
2024-10-21,221.538466,221.597375,217.512808,218.072479,24243800
2024-10-22,217.453910,217.807382,216.305128,217.247711,15813900
2024-10-23,216.040011,216.796052,213.428243,215.264343,23263500
2024-10-24,216.432758,217.031697,214.567218,215.735641,18381900
2024-10-25,217.296799,217.944834,214.557399,214.920685,23807800
2024-10-28,216.786250,218.926726,216.481874,218.425980,19877700
2024-10-29,216.737158,217.876112,215.981117,217.719025,20282200
2024-10-30,217.061183,220.409336,216.894253,217.424469,19754800
2024-10-31,217.208452,217.748481,213.683555,213.811188,24078400
2024-11-01,215.519638,216.962983,214.380670,215.009064,21222200
2024-11-04,214.537774,217.719026,213.889739,216.098938,20463700
2024-11-05,215.362539,220.222774,215.087617,220.163864,26404600
2024-11-06,232.299754,233.271807,228.529391,232.918335,75554600
2024-11-07,232.594298,234.165290,231.131312,232.093552,34970300
2024-11-08,231.651682,234.145631,231.376761,233.801971,26597800
2024-11-11,236.158467,237.994552,235.500619,237.317062,29207700
2024-11-12,235.608627,237.405429,232.270273,233.153961,35314300
2024-11-13,234.616936,235.530079,230.571652,230.846573,25947700
2024-11-14,231.671333,232.142624,227.017296,227.734055,29272100
2024-11-15,228.008977,228.077700,223.678943,224.336792,37930000
2024-11-18,225.063360,226.418340,223.993129,224.778610,29368500
2024-11-19,222.481082,226.634387,222.294525,226.447830,26009400
2024-11-20,226.055067,226.742371,223.904778,226.742371,24222700
2024-11-21,227.950082,231.298250,226.919119,230.188736,28679400
2024-11-22,231.366955,234.901679,231.062579,234.440201,22693100
2024-11-25,237.110892,240.537596,237.012700,238.004379,33534000
2024-11-26,236.806480,237.228690,235.088214,236.256638,22581400
2024-11-27,237.621434,239.270977,236.079912,236.580658,19472800
2024-11-29,237.974911,239.064783,237.159961,237.483978,16782700
2024-12-02,237.847270,238.259652,235.657697,237.366150,25274800
2024-12-03,237.159935,237.749060,235.029287,235.677322,21376700
2024-12-04,235.922820,237.287614,234.872231,236.521759,19903000
2024-12-05,236.158467,236.492297,233.428880,233.762711,20227000
2024-12-06,235.441680,235.539873,234.057260,234.597275,20760900
2024-12-09,236.187922,237.002873,233.340501,233.419052,16684300
2024-12-10,233.271777,234.489297,231.641876,232.407730,19946500
2024-12-11,234.381285,234.950754,232.535372,233.458328,23156900
2024-12-12,232.859386,233.340491,230.100344,230.424347,21454500
2024-12-13,230.119981,230.601101,227.675144,228.843567,23972900
2024-12-16,228.686482,231.357159,228.136639,230.188736,32293500
2024-12-17,229.129093,229.887379,227.041361,227.553452,33064300
2024-12-18,228.705643,229.532856,215.588347,217.479126,52267500
2024-12-19,219.852446,221.014481,215.992105,216.514038,51871700
2024-12-20,215.273228,221.241001,214.751295,218.542694,53882200
2024-12-23,218.365431,219.015375,216.041346,218.040451,29606800
2024-12-24,218.641180,220.226679,217.124608,219.990326,13399600
2024-12-26,219.035086,222.698474,218.099547,222.245468,20024800
2024-12-27,220.876602,222.009110,216.848850,219.005524,26956000
2024-12-30,217.311737,218.434387,214.534660,217.321579,25706100
2024-12-31,218.739656,219.882006,216.799635,217.597321,26208300
2025-01-02,219.537334,220.955422,216.258025,217.774582,29363000
2025-01-03,218.690411,221.398560,218.010909,221.014481,24525300
2025-01-06,222.324238,223.712784,220.728897,221.103119,23541900
2025-01-07,222.146996,223.072693,218.010917,219.330521,28835200
2025-01-08,217.538206,218.926752,215.676970,218.335892,26795900
2025-01-10,214.987654,215.381576,212.033310,213.530182,37379400
2025-01-13,211.235622,214.209667,210.713689,213.943771,28603800
2025-01-14,215.844385,216.878408,213.914221,216.376175,25447500
2025-01-15,222.009120,222.146989,219.606251,220.630417,30124700
2025-01-16,220.738771,221.802337,219.320698,221.073608,21029800
2025-01-17,223.476454,223.515854,221.250853,222.028839,26754900
2025-01-21,224.057495,226.391422,223.535562,226.292938,26086300
2025-01-22,225.859616,226.352006,224.362744,224.815735,21307300
2025-01-23,223.476436,225.859620,223.102229,225.839920,20850700
2025-01-24,225.337682,226.726212,224.569539,225.209656,19074500
2025-01-27,223.259820,226.125522,221.782648,223.053009,27461700
2025-01-28,223.289352,224.096865,221.753080,223.299194,16847400
2025-01-29,223.230243,224.746815,221.162211,222.787094,20280500
2025-01-30,225.042251,226.548965,223.466595,225.052094,25575100
2025-01-31,225.268768,226.814882,222.107613,223.033310,35330700
2025-02-03,218.138930,222.117455,217.311717,220.423630,34023300
2025-02-04,220.197147,223.673424,219.813082,223.476456,17985500
2025-02-05,224.589256,226.007343,223.437063,225.908859,15197300
2025-02-06,227.001952,227.189062,223.840812,225.170258,18809400
2025-02-07,225.367241,225.761148,222.147002,222.560608,28914400
2025-02-10,223.909743,224.057469,222.422729,223.565079,14574700
2025-02-11,221.625065,222.974211,221.388712,222.265167,18215700
2025-02-12,218.877509,221.063725,218.414660,220.216812,25572800
2025-02-13,221.615205,222.895424,220.344844,222.698471,21419400
2025-02-14,223.811255,224.510441,222.176515,222.531036,13574500
2025-02-18,222.708301,224.205173,222.078042,223.752182,15166500
2025-02-19,221.979588,223.693098,221.654609,222.984055,16194800
2025-02-20,222.570459,222.747728,219.616115,220.847092,18507700
2025-02-21,222.560586,222.915108,214.150560,214.485382,45036900
2025-02-24,215.460323,215.460323,211.875720,212.939285,30246200
2025-02-25,213.077141,213.963454,210.240981,212.131760,33665100
2025-02-26,212.771881,215.086124,211.570446,212.397659,25464200
2025-02-27,212.358254,213.195324,208.990304,209.157715,29378500
2025-02-28,208.419130,211.393173,207.749485,211.383316,32015400
2025-03-03,212.121925,212.673415,204.263373,205.602676,36330000
2025-03-04,202.796031,206.577603,200.097740,203.278580,56427100
2025-03-05,203.308116,205.661743,201.702932,205.297379,35778500
2025-03-06,202.648305,204.952690,200.796911,202.155914,39206300
2025-03-07,201.850638,203.958070,198.659941,202.815720,43514000
2025-03-10,200.343934,201.624153,195.725306,197.714569,39442800
2025-03-11,198.059250,200.127297,195.508669,197.694885,51509700
2025-03-12,199.959872,200.649216,196.513137,198.039551,36881700
2025-03-13,198.206960,198.955389,194.001940,195.085205,31336900
2025-03-14,197.192642,199.979576,196.306330,199.802307,34089400
2025-03-17,199.625042,202.884666,199.516716,202.323334,26947600
2025-03-18,201.198202,201.267284,199.717715,200.566528,22888000
2025-03-19,200.704676,204.978335,200.260518,203.685379,31595600
2025-03-20,201.662062,204.603291,201.543612,202.392426,25665900
2025-03-21,200.082874,201.760756,199.135355,201.138947,39470200
2025-03-24,204.267713,206.508172,204.001221,206.142990,25774700
2025-03-25,205.975235,206.547692,204.396043,204.998108,17836900
2025-03-26,205.254722,206.103535,202.017377,202.915543,19344600
2025-03-27,202.658923,203.665658,201.109339,201.948288,23960000
2025-03-28,201.879198,201.918686,196.786334,197.842407,26656200
2025-03-31,194.911035,198.029931,192.946932,196.894897,32250800
2025-04-01,196.401387,198.612238,194.101696,196.914612,26054100
2025-04-02,194.220153,200.684949,193.983269,200.023666,36603000
2025-04-03,190.597888,192.522518,186.738749,187.182892,60551500
2025-04-04,180.234473,181.655742,174.371742,178.832947,92612800
2025-04-07,172.052319,187.775082,169.496000,177.214279,96706200
2025-04-08,183.274412,183.501416,170.098073,172.545822,61090600
2025-04-09,170.473145,189.610906,169.505897,187.212509,123015100
2025-04-10,182.119634,183.067138,174.677712,179.346191,67503000
2025-04-11,178.783588,182.445332,176.256892,181.961700,44954400
2025-04-14,185.366817,185.524740,180.668745,184.103470,35214600
2025-04-15,183.915971,186.590724,183.422475,184.330505,30715500
2025-04-16,183.284281,184.300881,180.185129,182.563782,35063300
2025-04-17,182.583516,184.991762,182.060411,184.054123,42359200
2025-04-21,182.593388,182.879609,178.418419,180.362793,26019000
2025-04-22,182.741438,185.653075,182.149252,185.031265,34477100
2025-04-23,190.410366,192.966670,187.370431,187.775101,44866100
2025-04-24,188.278448,191.841487,187.419771,191.535522,29820100
2025-04-25,190.212975,191.732935,189.058197,191.594757,25029000
2025-04-28,191.969805,193.598334,190.025431,192.404083,22482300
2025-04-29,191.940202,194.299111,190.499188,193.539124,20118200
2025-04-30,190.627493,192.937049,188.238976,192.325119,29046100
2025-05-01,193.164061,195.098556,191.219687,193.519379,33169700
2025-05-02,195.749999,198.592539,195.601941,197.872025,30201800
2025-05-05,195.986869,197.891755,195.503238,196.352051,20834200
2025-05-06,194.032600,196.006582,193.094961,194.210266,24642100
2025-05-07,195.522969,195.976976,193.489754,194.851807,23623300
2025-05-08,197.171250,200.102616,195.680884,198.562897,32646300
2025-05-09,198.918208,199.648586,197.358775,198.197708,17203000
2025-05-12,206.123276,207.001698,203.142573,205.165894,38207200
2025-05-13,206.212086,206.883248,205.254718,205.916000,28295800
2025-05-14,205.333661,205.827157,203.843310,204.090057,26316100
2025-05-15,203.892661,205.481718,202.718139,205.422501,21563700
2025-05-16,205.708727,207.396489,205.077053,207.120132,28906400
2025-05-19,204.109817,206.370021,203.576834,206.251587,25859600
2025-05-20,205.945603,207.031285,205.254713,206.360138,22053100
2025-05-21,203.942037,204.909284,200.201331,200.566528,36704400
2025-05-22,199.658444,201.711388,198.908337,200.556610,31831300
2025-05-23,197.181123,200.615848,197.052809,199.924957,29114600
2025-05-27,202.964908,205.047460,201.504165,204.998108,31655900
2025-05-28,205.007971,205.323801,202.530613,202.836578,26046700
2025-05-29,204.257834,204.366403,201.810100,203.438629,32749500
2025-05-30,202.471395,203.566956,200.892203,202.402313,37768900
2025-06-02,202.649055,203.162280,200.033519,203.033981,30334300
2025-06-03,203.774246,206.883263,202.876081,206.310806,37702200
2025-06-04,206.458834,207.278038,205.432369,205.728470,27225300
2025-06-05,205.985078,207.100383,204.307196,205.817291,35728700
2025-06-06,208.748688,209.370497,207.860402,209.143478,32144500
2025-06-09,211.087833,211.492503,209.785012,210.584473,33984400
2025-06-10,211.670145,212.627513,211.028592,211.719482,30182200
2025-06-11,212.775582,213.121020,210.525243,210.850952,31113400
2025-06-12,209.409959,210.495655,208.876990,210.012024,25367000
2025-06-13,207.110261,208.689454,205.511340,206.172623,60580000
2025-06-16,208.316336,209.771226,207.484974,208.603363,28974000
2025-06-17,206.910941,208.286652,206.228031,206.406189,32843200
2025-06-18,206.297320,209.216992,205.644101,207.494873,42850500
2025-06-20,208.939881,209.078441,206.317127,207.059418,36978100
2025-06-23,206.336905,209.602986,204.684074,209.593094,35516400
2025-06-24,211.097442,212.720583,210.177009,212.265320,31772500
2025-06-25,212.453381,212.522654,209.711851,209.791031,27725600
2025-06-26,210.642183,213.334224,210.513515,213.195663,26261200
2025-06-27,213.829086,215.175106,211.928825,213.264938,47717300
2025-06-30,214.452597,214.482303,213.175865,213.571747,25558000
2025-07-01,212.413800,218.263051,211.948630,215.768951,43864800
2025-07-02,216.125229,218.827176,215.125617,218.757889,35735200
2025-07-03,219.727811,221.034250,219.490288,220.786819,23515700
2025-07-07,219.292334,220.529484,216.164814,217.471237,41551200
2025-07-08,218.312536,220.004950,218.065106,218.975647,36339300
2025-07-09,220.282083,221.390565,218.846976,221.350967,32425200
2025-07-10,221.093642,223.726302,220.569091,222.489151,33865900
2025-07-11,220.875911,221.242103,219.292367,219.421021,31579600
2025-07-14,219.094408,221.044158,218.787597,220.895706,24632200
2025-07-15,221.766650,221.924993,216.540912,216.570618,44215400
2025-07-16,217.956222,219.094394,214.680250,218.748001,48199800
2025-07-17,218.807392,221.895315,218.441200,221.618195,43548000
2025-07-18,222.974089,223.043377,219.698117,220.044525,49009900
2025-07-21,221.242089,222.103156,218.975636,219.153778,28191400
2025-07-22,219.341821,221.509311,218.391698,220.974869,30873300
2025-07-23,222.508957,224.379529,221.766667,224.349823,37478100
2025-07-24,223.201749,223.528359,221.182711,221.251999,29446700
2025-07-25,222.113053,222.291211,220.252374,222.073471,24555500
2025-07-28,223.003823,223.122585,221.133237,221.816147,24934900
2025-07-29,223.290830,223.370010,219.777320,220.400848,28685900
2025-07-30,221.360859,222.617793,217.857240,219.282440,48924400
2025-07-31,218.193758,219.737720,216.629998,217.134750,42913900
2025-08-01,213.997348,214.333849,210.157228,212.710709,63854100
2025-08-04,214.323934,217.481144,213.858764,217.471237,34989600
2025-08-05,218.292730,218.985532,215.996587,218.579758,31337100
2025-08-06,218.678715,218.718312,217.124862,218.292725,23142100
2025-08-07,220.470090,220.549270,216.263779,217.580109,37088000
2025-08-08,218.797497,219.292357,217.481167,218.055206,28318100
2025-08-11,218.500567,219.401201,217.550429,218.005707,25212800
2025-08-12,219.569480,224.646736,218.876664,224.478485,43815500
2025-08-13,225.913561,229.080678,225.487988,228.843140,41705800
2025-08-14,226.091725,226.448025,223.845055,225.893784,55945500
2025-08-15,226.289669,226.428229,223.716390,224.795197,33571400
2025-08-18,224.874378,226.111529,224.607150,225.616669,20144100
2025-08-19,225.676050,226.626173,223.370000,223.884659,25000700
2025-08-20,223.607509,224.052895,221.390545,223.092865,29229700
2025-08-21,222.103164,223.993533,221.479635,223.647125,24539400
2025-08-22,225.032710,232.999962,224.844661,232.416031,58205500
2025-08-25,231.733121,231.891480,229.971420,229.971420,28453700
2025-08-26,230.436612,232.455636,230.199074,231.871704,25121500
2025-08-27,231.337251,233.692776,231.159094,233.514633,25395400
2025-08-28,234.524162,234.534054,232.930711,233.791763,25011200
2025-08-29,234.306401,234.583522,231.960754,232.752533,29254800
2025-09-02,229.605236,231.990450,229.090577,231.495590,33108600
2025-09-03,230.872062,232.841596,230.070391,231.267944,33252400
2025-09-04,231.822203,234.237123,231.178891,234.157944,30323800
2025-09-05,235.276332,237.216175,232.534802,235.325821,47542500
2025-09-08,236.058195,236.107684,233.959992,235.800873,31487700
2025-09-09,235.454478,235.513873,232.999975,234.415283,35395800
2025-09-10,234.870547,235.820685,233.039573,233.999588,33910200
2025-09-11,234.415269,238.453315,233.811539,238.324661,43629800
2025-09-12,237.730850,237.849626,235.751409,235.889969,46097600
2025-09-15,236.770795,237.572467,236.097793,236.889572,33014000
2025-09-16,236.668240,237.144649,234.990865,236.499512,37059300
2025-09-17,237.035481,242.454674,235.248928,237.104950,79955600
2025-09-18,239.000692,243.318179,238.335701,243.010498,49167700
2025-09-19,243.735026,243.735026,240.697878,241.164368,56092000
2025-09-22,240.429929,242.960863,239.308368,242.563858,53572900
2025-09-23,243.179215,245.332999,241.620955,242.017960,41854500
2025-09-24,242.077510,242.782211,239.754999,239.794708,36002200
2025-09-25,237.194272,238.196735,235.774965,237.501953,37209500
2025-09-26,237.829487,239.874092,237.541661,239.536636,28942800
2025-09-29,241.025430,241.114754,239.010600,239.814545,26391500
2025-09-30,239.308369,240.320751,237.611140,240.152023,33447700
2025-10-01,238.772388,241.223918,238.752533,240.678040,28520000
2025-10-02,241.184242,242.266094,239.665676,242.196625,28687400
2025-10-03,243.516679,246.236195,243.199063,243.993088,34579600
2025-10-06,245.878883,246.623279,244.231298,244.965759,31507400
2025-10-07,245.511657,245.789564,241.372818,242.335571,31766600
2025-10-08,243.447207,245.114662,241.978270,244.876450,25825000
2025-10-09,244.469500,245.402479,242.186683,243.298325,26243100
2025-10-10,243.913680,245.045161,235.784876,236.013153,70569400
2025-10-13,240.022971,242.802052,239.596176,242.583694,36298600
2025-10-14,239.427464,247.734932,238.563970,246.047623,45320800
2025-10-15,248.489247,250.881243,245.213903,248.459473,45369000
2025-10-16,249.094694,249.382520,242.176774,243.228851,52740400
2025-10-17,241.501863,243.328110,239.665680,241.591187,55379500
2025-10-20,244.777163,246.474392,244.300754,246.305664,32545000
2025-10-21,245.581139,246.514118,243.675488,245.144440,26337900
2025-10-22,244.191600,245.015400,238.970910,241.521698,46578400
2025-10-23,242.464601,245.273456,241.859158,244.578690,28591000
2025-10-24,247.933423,249.233632,247.109623,247.566177,26627000
2025-10-27,249.898624,250.325419,247.635662,248.429688,31798100
2025-10-28,247.685289,249.025192,246.256046,247.099701,28075900
2025-10-29,246.980585,249.263401,242.861601,244.995529,56235300
2025-10-30,243.437276,246.285826,242.802059,243.020416,44538700
2025-10-31,243.159366,244.945904,241.869077,244.390091,37214700
2025-11-03,244.330559,244.419883,240.678064,243.606018,28887900
2025-11-04,239.983278,242.236320,239.199187,239.397690,34468700
2025-11-05,240.152023,243.893842,239.834407,242.851685,38229200
2025-11-06,242.434819,242.960857,238.206656,238.554047,40601200
2025-11-07,236.628541,239.854256,234.504532,239.804626,54978900
2025-11-10,243.179201,243.407493,240.439830,242.206528,31238000
2025-11-11,241.551484,242.911257,240.707844,242.414993,27357900
2025-11-12,243.010473,244.538974,241.511762,241.819443,34543200
2025-11-13,240.032898,240.866617,234.077732,235.020630,65710000
2025-11-14,231.596411,236.946134,231.526942,235.705475,58344400
2025-11-17,234.693117,236.062795,230.028224,231.020752,55765900
2025-11-18,229.581585,233.323419,229.234209,231.725449,63092500
2025-11-19,232.052991,234.603779,230.693217,231.685745,57280500
2025-11-20,235.467281,237.313383,227.189588,227.398026,95483000
2025-11-21,228.241683,235.338250,227.864517,233.839539,99504100
2025-11-24,234.196845,238.593735,233.720421,238.107391,36135300
2025-11-25,238.941129,243.715184,238.246347,243.298325,46160800
2025-11-26,243.218915,246.970669,242.941009,245.452103,34636600
2025-11-28,246.156805,246.950830,245.223842,246.891281,18911800
2025-12-01,243.735054,245.839208,243.506761,243.784668,36920000
2025-12-02,245.521586,245.521586,243.288399,243.338028,31918500
2025-12-03,244.132039,247.973117,243.645695,247.764694,32846300
2025-12-04,247.109614,250.772044,246.682819,249.938324,40245800
2025-12-05,249.610800,250.772056,248.409835,248.896179,36956600
2025-12-08,250.811750,250.881234,248.310576,248.995422,29100000
2025-12-09,248.380055,251.059876,248.231182,249.511536,30170100
2025-12-10,249.025188,254.652834,248.667878,252.905975,51105200
2025-12-11,252.737266,256.082095,252.419665,255.873642,41345200
2025-12-12,256.022525,256.270657,251.546216,251.953156,57657700
2025-12-15,253.640461,253.779415,249.858933,250.047501,43120100
2025-12-16,249.302605,251.115070,247.440359,248.864426,43115300
2025-12-17,249.332473,251.115064,245.677683,246.215454,38132400
2025-12-18,249.143261,250.318380,247.181439,247.679367,39068000
2025-12-19,248.246995,250.358205,248.027906,249.750732,43610400
2025-12-22,251.234574,254.062802,251.154904,252.529190,40497300
2025-12-23,251.373988,252.170676,250.417974,251.035400,24973500
2025-12-24,250.925857,251.812168,250.079373,251.662796,12103000
2025-12-26,251.533340,251.702634,249.362366,250.378143,17429900
2025-12-29,249.222943,250.457810,248.316726,248.844528,25218800
2025-12-30,248.934145,249.113392,246.922512,247.002182,22123600
2025-12-31,247.151557,247.251148,244.990551,245.139938,35352000
2026-01-02,246.603841,248.057782,244.841171,247.749069,40007700
2026-01-05,248.754889,252.499318,248.535815,251.682709,37428100
2026-01-06,251.194746,255.188123,250.477728,255.018814,40677800
2026-01-07,255.337496,255.735833,252.917573,254.421310,33052000
2026-01-08,253.644539,257.857006,253.305952,257.199738,37957000
2026-01-09,258.504311,260.476117,257.020495,259.151642,36301500
2026-01-12,258.205550,260.575692,257.169851,260.416351,28423400
2026-01-13,261.322603,261.800625,259.380672,260.266998,33882400
2026-01-14,260.047904,262.368235,259.111797,262.099365,37164300
2026-01-15,262.965756,265.943356,262.637137,264.409760,33465200
2026-01-16,264.768252,266.112663,263.613055,264.658722,33844900
2026-01-20,260.057877,263.981523,259.978192,261.491882,47911500
2026-01-21,263.543357,267.476971,261.830484,266.680298,59952800
2026-01-22,268.711840,270.474525,268.303566,268.672028,35110800
2026-01-23,267.925129,267.935067,263.364091,263.712646,42636700
2026-01-26,263.971588,265.584870,262.398118,262.886108,32119300
2026-01-27,262.955790,263.762431,261.571566,263.632996,26975500
2026-01-28,264.877810,265.574891,261.471969,262.208893,37139100
2026-01-29,262.975737,263.961625,258.335044,262.278625,43922900
2026-01-30,259.988165,261.890254,256.871130,258.574036,59164200
2026-02-02,257.408887,262.676944,257.279421,261.093536,42896200
2026-02-03,261.969909,263.961621,257.478588,261.691071,54588000
2026-02-04,263.065361,263.553320,256.074461,259.440430,48826500
2026-02-05,257.428801,260.535867,253.993100,254.769867,48279600
2026-02-06,258.663664,264.618895,258.504324,263.921783,43354900
2026-02-09,263.742523,266.560813,262.248739,265.774078,29064800
2026-02-10,266.122611,267.407243,264.778199,265.057037,24661700
2026-02-11,267.357484,267.845444,261.013885,263.852081,41829400
2026-02-12,265.913492,266.351672,257.319280,258.464508,47628200
2026-02-13,259.520125,264.071195,257.438789,261.870331,45360300
2026-02-17,261.292743,263.264519,257.986494,261.950012,33734800
2026-02-18,261.940044,265.803970,260.764941,262.896057,36034700
2026-02-19,261.481923,263.543352,259.998077,263.503510,31006000
2026-02-20,261.760803,266.222219,261.053753,263.513489,47126600
2026-02-23,262.308467,263.274449,257.030442,259.410522,44001100
2026-02-24,259.320918,263.045441,258.783148,262.238770,34884200
2026-02-25,264.150818,264.180693,261.342497,263.483582,26012100
2026-02-26,263.911837,265.136720,261.033798,264.887756,41206500
2026-02-27,261.013895,261.671164,258.693533,260.326752,40631500
2026-03-02,256.741660,263.184850,256.721754,262.716797,53495700
2026-03-03,255.735819,260.037925,252.260291,258.165710,59537000
2026-03-04,260.117616,261.870302,257.747474,260.675293,37979700
2026-03-05,257.916754,259.679439,253.106783,255.696014,60414600
2026-03-06,250.447862,252.250359,248.904282,249.850342,64192000
2026-03-09,246.564005,253.594746,243.377268,252.569016,65369500
2026-03-10,251.911753,256.582305,251.354061,252.310089,55879100
2026-03-11,251.294334,253.325890,249.541633,251.802231,50418100
2026-03-12,247.908424,248.774814,245.558203,246.384766,61802900
2026-03-13,248.227080,249.571491,244.522494,245.568146,53933300
2026-03-16,248.725020,250.427940,247.281031,247.888504,48755700
2026-03-17,249.277191,251.112837,248.369361,249.456772,40642800
2026-03-18,247.820670,248.638716,245.296673,245.436340,43192600
2026-03-19,242.453418,249.496666,241.944634,247.042511,59219500
2026-03-20,246.384086,246.912828,239.759840,241.645355,76749900
2026-03-23,246.583596,250.763658,245.526113,246.862930,78746600
2026-03-24,244.927542,249.566520,244.019713,248.189789,45210800
2026-03-25,251.142768,252.469614,248.928034,251.222580,45671700
2026-03-26,248.299523,251.262478,246.573632,246.852966,46830200
2026-03-27,245.426354,246.154633,241.834904,242.523270,48114400
2026-03-30,244.767922,244.787864,238.123719,239.041534,51290500
2026-03-31,242.463397,248.329452,241.665307,247.411636,58660800
2026-04-01,249.327073,251.841098,248.518997,248.967926,51295900
2026-04-02,244.358891,251.771257,244.289050,250.693817,30369200
2026-04-06,250.394547,252.449657,249.656297,251.761292,22151400
2026-04-07,250.614019,252.878622,248.928026,252.309982,34881900
2026-04-08,260.899548,261.647768,257.796940,259.852051,46680200
2026-04-09,258.166053,262.276273,258.166053,261.338501,26758400
2026-04-10,261.777450,262.126626,259.722340,260.680054,22365900
2026-04-13,259.622574,264.730422,259.403094,264.441132,23820000
2026-04-14,266.456351,268.780841,265.648275,268.082489,24270400
2026-04-15,268.142347,268.950423,266.955168,268.750916,21670600
2026-04-16,268.810757,269.708615,267.414054,269.309570,30847900
2026-04-17,273.090564,276.971350,272.472039,275.125732,46462700
2026-04-20,273.998410,277.011265,273.878700,276.692017,22993900
2026-04-21,277.520041,279.126237,273.110544,273.858765,32235200
2026-04-22,276.931418,277.350435,274.247798,275.824066,20274300
2026-04-23,276.073484,277.210764,271.304826,274.866333,32886600
2026-04-24,276.013624,277.470152,273.579411,275.993652,21568600
2026-04-27,276.163265,277.579879,275.594610,276.482513,23399400
2026-04-28,275.395069,276.312900,272.272521,273.260162,24139400
2026-04-29,273.270140,273.729040,269.718558,271.434479,29428900
2026-04-30,272.482033,277.559954,271.793667,277.310547,29220700
2026-05-01,277.998907,279.146173,275.913869,278.617432,28936700
2026-05-04,278.038826,280.123864,275.444988,277.220764,28632300
2026-05-05,279.465421,282.278738,279.335724,281.889648,24863200
2026-05-06,284.682982,286.368975,282.687727,286.119568,23330300
2026-05-07,286.847849,286.897718,280.482980,281.590363,28350400
2026-05-08,283.366153,284.293940,281.939523,283.495850,22474300
2026-05-11,284.244045,286.368966,283.914811,284.653046,20150400
2026-05-12,283.366141,283.386083,277.619797,281.899628,27404600
2026-05-13,282.248797,282.887262,279.265869,281.999390,20742300
2026-05-14,283.166608,284.982298,281.291064,283.775177,17428700
2026-05-15,279.634982,279.664910,276.582245,276.941406,35408000
2026-05-18,278.078694,278.417884,273.290094,275.315277,27243300
2026-05-19,273.160401,274.427377,269.987953,272.352325,30276900
2026-05-20,274.257800,279.425503,272.761359,279.206024,31562000
2026-05-21,277.998894,283.006973,276.492466,281.819794,31680500
2026-05-22,283.426004,285.930028,282.997031,284.443573,23849300
2026-05-26,287.705835,289.860684,287.057353,289.820801,24506500
2026-05-27,290.469256,291.027925,288.623639,289.681122,24519900
2026-05-28,288.952875,292.045496,287.296809,291.337189,23710600
2026-05-29,290.688725,290.718653,287.645943,289.740967,26952800
2026-06-01,287.685865,289.920541,285.590841,288.294434,23826100
2026-06-02,287.775628,291.177541,287.715773,290.968048,18378800
2026-06-03,289.301991,289.321963,286.099615,286.987518,29167300
2026-06-04,286.877775,292.185161,285.979917,291.317230,24307800
2026-06-05,288.414118,288.713394,279.485340,280.981781,35812800
2026-06-08,284.832647,286.159478,282.907202,283.435944,27277400
2026-06-09,286.498660,290.179908,276.961343,284.343781,41761300
2026-06-10,283.914811,288.314352,281.091539,281.380829,39285000
2026-06-11,283.765171,290.369460,283.396054,289.721008,41468800
2026-06-12,290.938129,295.018422,289.621254,292.255005,34415200
2026-06-15,296.559998,297.910004,293.920013,294.640015,23842300
