fault_id,family,family_label,bucket,kind,expected_layer,first_layer,intercepted,target_field,description,detail
F1-handoff-orders[0].client_order_id-lead_space,F1,identifier pollution,directed,static,schema_validation,schema_validation,True,handoff.orders[0].client_order_id,lead_space pollution of handoff.orders[0].client_order_id,handoff: ' ls-e1tpl-0001-btc-usd' does not match '^\\S+$'
F1-handoff-orders[0].client_order_id-trail_space,F1,identifier pollution,directed,static,schema_validation,schema_validation,True,handoff.orders[0].client_order_id,trail_space pollution of handoff.orders[0].client_order_id,handoff: 'ls-e1tpl-0001-btc-usd ' does not match '^\\S+$'
F1-handoff-orders[0].client_order_id-inner_space,F1,identifier pollution,directed,static,schema_validation,schema_validation,True,handoff.orders[0].client_order_id,inner_space pollution of handoff.orders[0].client_order_id,handoff: 'ls e1tpl-0001-btc-usd' does not match '^\\S+$'
F1-handoff-orders[0].client_order_id-tab,F1,identifier pollution,directed,static,schema_validation,schema_validation,True,handoff.orders[0].client_order_id,tab pollution of handoff.orders[0].client_order_id,handoff: '\tls-e1tpl-0001-btc-usd' does not match '^\\S+$'
F1-handoff-orders[0].client_order_id-newline,F1,identifier pollution,directed,static,schema_validation,single_artifact_validator,True,handoff.orders[0].client_order_id,newline pollution of handoff.orders[0].client_order_id,handoff: orders[0].client_order_id must not contain whitespace
F1-handoff-orders[0].client_order_id-zero_width,F1,identifier pollution,directed,static,schema_validation,approval_hash_binding,True,handoff.orders[0].client_order_id,zero_width pollution of handoff.orders[0].client_order_id,approval binding: request_artifact_hash does not match broker handoff artifact
F1-handoff-orders[0].client_order_id-fullwidth,F1,identifier pollution,directed,static,schema_validation,approval_hash_binding,True,handoff.orders[0].client_order_id,fullwidth pollution of handoff.orders[0].client_order_id,approval binding: request_artifact_hash does not match broker handoff artifact
F1-handoff-orders[0].client_order_id-upcase,F1,identifier pollution,directed,static,schema_validation,approval_hash_binding,True,handoff.orders[0].client_order_id,upcase pollution of handoff.orders[0].client_order_id,approval binding: request_artifact_hash does not match broker handoff artifact
F1-handoff-orders[0].symbol-lead_space,F1,identifier pollution,directed,static,schema_validation,schema_validation,True,handoff.orders[0].symbol,lead_space pollution of handoff.orders[0].symbol,handoff: ' BTC-USD' does not match '^\\S+$'
F1-handoff-orders[0].symbol-trail_space,F1,identifier pollution,directed,static,schema_validation,schema_validation,True,handoff.orders[0].symbol,trail_space pollution of handoff.orders[0].symbol,handoff: 'BTC-USD ' does not match '^\\S+$'
F1-handoff-orders[0].symbol-inner_space,F1,identifier pollution,directed,static,schema_validation,schema_validation,True,handoff.orders[0].symbol,inner_space pollution of handoff.orders[0].symbol,handoff: 'BTC USD' does not match '^\\S+$'
F1-handoff-orders[0].symbol-tab,F1,identifier pollution,directed,static,schema_validation,schema_validation,True,handoff.orders[0].symbol,tab pollution of handoff.orders[0].symbol,handoff: '\tBTC-USD' does not match '^\\S+$'
F1-handoff-orders[0].symbol-newline,F1,identifier pollution,directed,static,schema_validation,single_artifact_validator,True,handoff.orders[0].symbol,newline pollution of handoff.orders[0].symbol,handoff: orders[0].symbol must not contain whitespace
F1-handoff-orders[0].symbol-zero_width,F1,identifier pollution,directed,static,schema_validation,approval_hash_binding,True,handoff.orders[0].symbol,zero_width pollution of handoff.orders[0].symbol,approval binding: request_artifact_hash does not match broker handoff artifact
F1-handoff-orders[0].symbol-fullwidth,F1,identifier pollution,directed,static,schema_validation,approval_hash_binding,True,handoff.orders[0].symbol,fullwidth pollution of handoff.orders[0].symbol,approval binding: request_artifact_hash does not match broker handoff artifact
F1-handoff-orders[0].symbol-upcase,F1,identifier pollution,directed,static,schema_validation,approval_hash_binding,True,handoff.orders[0].symbol,upcase pollution of handoff.orders[0].symbol,approval binding: request_artifact_hash does not match broker handoff artifact
F1-handoff-adapter-lead_space,F1,identifier pollution,directed,static,schema_validation,schema_validation,True,handoff.adapter,lead_space pollution of handoff.adapter,handoff: ' dry-run-broker-adapter' does not match '^\\S+$'
F1-handoff-adapter-trail_space,F1,identifier pollution,directed,static,schema_validation,schema_validation,True,handoff.adapter,trail_space pollution of handoff.adapter,handoff: 'dry-run-broker-adapter ' does not match '^\\S+$'
F1-handoff-adapter-inner_space,F1,identifier pollution,directed,static,schema_validation,schema_validation,True,handoff.adapter,inner_space pollution of handoff.adapter,handoff: 'dry run-broker-adapter' does not match '^\\S+$'
F1-handoff-adapter-tab,F1,identifier pollution,directed,static,schema_validation,schema_validation,True,handoff.adapter,tab pollution of handoff.adapter,handoff: '\tdry-run-broker-adapter' does not match '^\\S+$'
F1-handoff-adapter-newline,F1,identifier pollution,directed,static,schema_validation,single_artifact_validator,True,handoff.adapter,newline pollution of handoff.adapter,handoff: adapter must not contain whitespace
F1-handoff-adapter-homoglyph_a,F1,identifier pollution,directed,static,schema_validation,approval_hash_binding,True,handoff.adapter,homoglyph_a pollution of handoff.adapter,approval binding: request_artifact_hash does not match broker handoff artifact
F1-handoff-adapter-homoglyph_o,F1,identifier pollution,directed,static,schema_validation,approval_hash_binding,True,handoff.adapter,homoglyph_o pollution of handoff.adapter,approval binding: request_artifact_hash does not match broker handoff artifact
F1-handoff-adapter-zero_width,F1,identifier pollution,directed,static,schema_validation,approval_hash_binding,True,handoff.adapter,zero_width pollution of handoff.adapter,approval binding: request_artifact_hash does not match broker handoff artifact
F1-handoff-adapter-fullwidth,F1,identifier pollution,directed,static,schema_validation,approval_hash_binding,True,handoff.adapter,fullwidth pollution of handoff.adapter,approval binding: request_artifact_hash does not match broker handoff artifact
F1-handoff-adapter-upcase,F1,identifier pollution,directed,static,schema_validation,approval_hash_binding,True,handoff.adapter,upcase pollution of handoff.adapter,approval binding: request_artifact_hash does not match broker handoff artifact
F1-approval-approved_by-lead_space,F1,identifier pollution,directed,static,schema_validation,schema_validation,True,approval.approved_by,lead_space pollution of approval.approved_by,approval: ' e1-operator' does not match '^\\S+$'
F1-approval-approved_by-trail_space,F1,identifier pollution,directed,static,schema_validation,schema_validation,True,approval.approved_by,trail_space pollution of approval.approved_by,approval: 'e1-operator ' does not match '^\\S+$'
F1-approval-approved_by-inner_space,F1,identifier pollution,directed,static,schema_validation,schema_validation,True,approval.approved_by,inner_space pollution of approval.approved_by,approval: 'e1 operator' does not match '^\\S+$'
F1-approval-approved_by-tab,F1,identifier pollution,directed,static,schema_validation,schema_validation,True,approval.approved_by,tab pollution of approval.approved_by,approval: '\te1-operator' does not match '^\\S+$'
F1-approval-approved_by-newline,F1,identifier pollution,directed,static,schema_validation,single_artifact_validator,True,approval.approved_by,newline pollution of approval.approved_by,approval: approved_by must not contain whitespace
F1-approval-approved_by-homoglyph_a,F1,identifier pollution,directed,static,schema_validation,escape,False,approval.approved_by,homoglyph_a pollution of approval.approved_by,passed all five layers and the sealed final gate
F1-approval-approved_by-homoglyph_o,F1,identifier pollution,directed,static,schema_validation,escape,False,approval.approved_by,homoglyph_o pollution of approval.approved_by,passed all five layers and the sealed final gate
F1-approval-approved_by-zero_width,F1,identifier pollution,directed,static,schema_validation,escape,False,approval.approved_by,zero_width pollution of approval.approved_by,passed all five layers and the sealed final gate
F1-approval-approved_by-fullwidth,F1,identifier pollution,directed,static,schema_validation,escape,False,approval.approved_by,fullwidth pollution of approval.approved_by,passed all five layers and the sealed final gate
F1-approval-approved_by-upcase,F1,identifier pollution,directed,static,schema_validation,escape,False,approval.approved_by,upcase pollution of approval.approved_by,passed all five layers and the sealed final gate
F1-approval-approval_id-lead_space,F1,identifier pollution,directed,static,schema_validation,schema_validation,True,approval.approval_id,lead_space pollution of approval.approval_id,approval: ' e1tpl-approval-001' does not match '^\\S+$'
F1-approval-approval_id-trail_space,F1,identifier pollution,directed,static,schema_validation,schema_validation,True,approval.approval_id,trail_space pollution of approval.approval_id,approval: 'e1tpl-approval-001 ' does not match '^\\S+$'
F1-approval-approval_id-inner_space,F1,identifier pollution,directed,static,schema_validation,schema_validation,True,approval.approval_id,inner_space pollution of approval.approval_id,approval: 'e1tpl approval-001' does not match '^\\S+$'
F1-approval-approval_id-tab,F1,identifier pollution,directed,static,schema_validation,schema_validation,True,approval.approval_id,tab pollution of approval.approval_id,approval: '\te1tpl-approval-001' does not match '^\\S+$'
F1-fuzz-unknown_field-000,F1,identifier pollution,fuzz,static,,schema_validation,True,response.injected_299,out-of-catalog unknown_field on response,response: Additional properties are not allowed ('injected_299' was unexpected)
F1-fuzz-nesting_abuse-001,F1,identifier pollution,fuzz,static,,schema_validation,True,approval.approval_id,out-of-catalog nesting_abuse on approval,approval: [[{'depth': ['e1tpl-approval-001']}]] is not of type 'string'
F1-fuzz-cross_splice-002,F1,identifier pollution,fuzz,static,,schema_validation,True,response.live_submission,out-of-catalog cross_splice on response,response: 'e1tpl-approval-001' is not of type 'boolean'
F1-fuzz-boundary_numeric-003,F1,identifier pollution,fuzz,static,,schema_validation,True,handoff.account_mode,out-of-catalog boundary_numeric on handoff,handoff: 1e+308 is not of type 'string'
F1-fuzz-unknown_field-004,F1,identifier pollution,fuzz,static,,schema_validation,True,handoff.injected_886,out-of-catalog unknown_field on handoff,handoff: Additional properties are not allowed ('injected_886' was unexpected)
F1-fuzz-unknown_field-005,F1,identifier pollution,fuzz,static,,schema_validation,True,handoff.injected_546,out-of-catalog unknown_field on handoff,handoff: Additional properties are not allowed ('injected_546' was unexpected)
F1-fuzz-cross_splice-006,F1,identifier pollution,fuzz,static,,schema_validation,True,approval.account_mode,out-of-catalog cross_splice on approval,approval: 'live' was expected
F1-fuzz-cross_splice-007,F1,identifier pollution,fuzz,static,,schema_validation,True,response.reconciliation,out-of-catalog cross_splice on response,response: ['limit'] is not of type 'object'
F1-fuzz-boundary_numeric-008,F1,identifier pollution,fuzz,static,,schema_validation,True,handoff.live_submission,out-of-catalog boundary_numeric on handoff,handoff: -1 is not of type 'boolean'
F1-fuzz-nesting_abuse-009,F1,identifier pollution,fuzz,static,,schema_validation,True,response.adapter_mode,out-of-catalog nesting_abuse on response,response: [[{'depth': ['dry_run']}]] is not of type 'string'
F1-fuzz-nesting_abuse-010,F1,identifier pollution,fuzz,static,,schema_validation,True,handoff.adapter_mode,out-of-catalog nesting_abuse on handoff,handoff: [[{'depth': ['dry_run']}]] is not of type 'string'
F1-fuzz-boundary_numeric-011,F1,identifier pollution,fuzz,static,,schema_validation,True,handoff.manual_approval_required,out-of-catalog boundary_numeric on handoff,handoff: 1e+308 is not of type 'boolean'
F1-fuzz-retype_field-012,F1,identifier pollution,fuzz,static,,schema_validation,True,response.responses,out-of-catalog retype_field on response,response: 'string-instead' is not of type 'array'
F1-fuzz-free_text_tamper-013,F1,identifier pollution,fuzz,static,,escape,False,approval.approval_reason,out-of-catalog free_text_tamper on approval,passed all five layers and the sealed final gate
F1-fuzz-cross_splice-014,F1,identifier pollution,fuzz,static,,schema_validation,True,response.reconciliation,out-of-catalog cross_splice on response,response: '2026-07-03T09:05:00Z' is not of type 'object'
F1-fuzz-retype_field-015,F1,identifier pollution,fuzz,static,,schema_validation,True,approval.approved_at,out-of-catalog retype_field on approval,"approval: ['as', 'list'] is not of type 'string'"
F1-fuzz-cross_splice-016,F1,identifier pollution,fuzz,static,,schema_validation,True,handoff.kill_switch,out-of-catalog cross_splice on handoff,handoff: 100.0 is not of type 'boolean'
F1-fuzz-boundary_numeric-017,F1,identifier pollution,fuzz,static,,schema_validation,True,handoff.manual_approval_required,out-of-catalog boundary_numeric on handoff,handoff: -1 is not of type 'boolean'
F1-fuzz-unknown_field-018,F1,identifier pollution,fuzz,static,,schema_validation,True,handoff.injected_693,out-of-catalog unknown_field on handoff,handoff: Additional properties are not allowed ('injected_693' was unexpected)
F1-fuzz-free_text_tamper-019,F1,identifier pollution,fuzz,static,,escape,False,bundle.safety_note,out-of-catalog free_text_tamper on approval,passed all five layers and the sealed final gate
F2-capability-supported_order_types-limit-order-absent-from-supported-order-,F2,capability overreach,directed,static,cross_artifact_preflight,cross_artifact_preflight,True,capability.supported_order_types,limit order absent from supported_order_types,handoff_artifact.orders[0].order_type limit is not declared in capability_manifest.supported_order_types
F2-capability-supported_time_in_force-handoff-time-in-force-absent-from-capabi,F2,capability overreach,directed,static,cross_artifact_preflight,cross_artifact_preflight,True,capability.supported_time_in_force,handoff time_in_force absent from capability,handoff_artifact.orders[0].time_in_force day is not declared in capability_manifest.supported_time_in_force
F2-capability-supported_time_in_force-day-tif-absent-from-capability-list,F2,capability overreach,directed,static,cross_artifact_preflight,cross_artifact_preflight,True,capability.supported_time_in_force,day TIF absent from capability list,handoff_artifact.orders[0].time_in_force day is not declared in capability_manifest.supported_time_in_force
F2-capability-account_modes-paper-account-mode-absent-from-capabilit,F2,capability overreach,directed,static,cross_artifact_preflight,cross_artifact_preflight,True,capability.account_modes,paper account_mode absent from capability,handoff_artifact.account_mode paper is not declared in capability_manifest.account_modes
F2-capability-account_modes-paper-account-mode-absent--none-live-onl,F2,capability overreach,directed,static,cross_artifact_preflight,cross_artifact_preflight,True,capability.account_modes,paper account_mode absent (none/live only),handoff_artifact.account_mode paper is not declared in capability_manifest.account_modes
F2-capability-supported_modes-dry-run-mode-absent-from-capability,F2,capability overreach,directed,static,cross_artifact_preflight,single_artifact_validator,True,capability.supported_modes,dry_run mode absent from capability,capability: default_mode must be included in supported_modes
F2-capability-supported_modes-only-offline-export-declared,F2,capability overreach,directed,static,cross_artifact_preflight,single_artifact_validator,True,capability.supported_modes,only offline_export declared,capability: default_mode must be included in supported_modes
F2-capability-adapter_id-adapter-id-disagrees-with-handoff-adapte,F2,capability overreach,directed,static,cross_artifact_preflight,cross_artifact_preflight,True,capability.adapter_id,adapter_id disagrees with handoff.adapter,handoff_artifact.adapter dry-run-broker-adapter does not match capability_manifest.adapter_id some-other-adapter
F2-capability-default_mode-default-mode-disagrees-with-runbook-defa,F2,capability overreach,directed,static,cross_artifact_preflight,cross_artifact_preflight,True,capability.default_mode,default_mode disagrees with runbook default_mode,operator_runbook_artifact.default_mode dry_run does not match capability_manifest.default_mode paper_sandbox
F2-handoff-live-submission-true,F2,capability overreach,directed,static,schema_validation,schema_validation,True,handoff.live_submission,dry_run handoff sets live_submission true,handoff: False was expected
F2-handoff-paper-only-false,F2,capability overreach,directed,static,schema_validation,schema_validation,True,handoff.paper_only,dry_run handoff sets paper_only false,handoff: True was expected
F2-capability-supports-live-submission,F2,capability overreach,directed,static,single_artifact_validator,schema_validation,True,capability.supports_live_submission,paper capability claims supports_live_submission without live-capable controls,capability: 'live_capable' was expected
F2-capability-live-submission-default,F2,capability overreach,directed,static,schema_validation,schema_validation,True,capability.live_submission_default,capability sets live_submission_default true,capability: False was expected
F2-handoff-tif-gtc,F2,capability overreach,directed,static,approval_hash_binding,approval_hash_binding,True,handoff.orders[0].time_in_force,handoff order time_in_force escalated to gtc,approval binding: request_artifact_hash does not match broker handoff artifact
F2-handoff-tif-ioc,F2,capability overreach,directed,static,approval_hash_binding,approval_hash_binding,True,handoff.orders[0].time_in_force,handoff order time_in_force escalated to ioc,approval binding: request_artifact_hash does not match broker handoff artifact
F2-handoff-tif-fok,F2,capability overreach,directed,static,approval_hash_binding,approval_hash_binding,True,handoff.orders[0].time_in_force,handoff order time_in_force escalated to fok,approval binding: request_artifact_hash does not match broker handoff artifact
F2-handoff-tif-opg,F2,capability overreach,directed,static,approval_hash_binding,approval_hash_binding,True,handoff.orders[0].time_in_force,handoff order time_in_force escalated to opg,approval binding: request_artifact_hash does not match broker handoff artifact
F2-handoff-tif-cls,F2,capability overreach,directed,static,approval_hash_binding,approval_hash_binding,True,handoff.orders[0].time_in_force,handoff order time_in_force escalated to cls,approval binding: request_artifact_hash does not match broker handoff artifact
F2-handoff-symbol-xau-usd,F2,capability overreach,directed,static,approval_hash_binding,approval_hash_binding,True,handoff.orders[0].symbol,handoff injects out-of-scope symbol XAU-USD,approval binding: request_artifact_hash does not match broker handoff artifact
F2-handoff-symbol-eth-usd,F2,capability overreach,directed,static,approval_hash_binding,approval_hash_binding,True,handoff.orders[0].symbol,handoff injects out-of-scope symbol ETH-USD,approval binding: request_artifact_hash does not match broker handoff artifact
F2-handoff-symbol-aapl,F2,capability overreach,directed,static,approval_hash_binding,approval_hash_binding,True,handoff.orders[0].symbol,handoff injects out-of-scope symbol AAPL,approval binding: request_artifact_hash does not match broker handoff artifact
F2-handoff-symbol-tsla,F2,capability overreach,directed,static,approval_hash_binding,approval_hash_binding,True,handoff.orders[0].symbol,handoff injects out-of-scope symbol TSLA,approval binding: request_artifact_hash does not match broker handoff artifact
F2-handoff-symbol-nvda,F2,capability overreach,directed,static,approval_hash_binding,approval_hash_binding,True,handoff.orders[0].symbol,handoff injects out-of-scope symbol NVDA,approval binding: request_artifact_hash does not match broker handoff artifact
F2-fuzz-unknown_field-000,F2,capability overreach,fuzz,static,,schema_validation,True,capability.injected_821,out-of-catalog unknown_field on capability,capability: Additional properties are not allowed ('injected_821' was unexpected)
F2-fuzz-delete_field-001,F2,capability overreach,fuzz,static,,schema_validation,True,capability.adapter_kind,out-of-catalog delete_field on capability,capability: 'adapter_kind' is a required property
F2-fuzz-boundary_numeric-002,F2,capability overreach,fuzz,static,,schema_validation,True,handoff.adapter,out-of-catalog boundary_numeric on handoff,handoff: 1e+308 is not of type 'string'
F2-fuzz-cross_splice-003,F2,capability overreach,fuzz,static,,escape,False,capability.adapter_name,out-of-catalog cross_splice on capability,passed all five layers and the sealed final gate
F2-fuzz-cross_splice-004,F2,capability overreach,fuzz,static,,schema_validation,True,handoff.kill_switch,out-of-catalog cross_splice on handoff,handoff: ['limit'] is not of type 'boolean'
F2-fuzz-free_text_tamper-005,F2,capability overreach,fuzz,static,,escape,False,capability.safety_note,out-of-catalog free_text_tamper on handoff,passed all five layers and the sealed final gate
F2-fuzz-unknown_field-006,F2,capability overreach,fuzz,static,,schema_validation,True,capability.injected_992,out-of-catalog unknown_field on capability,capability: Additional properties are not allowed ('injected_992' was unexpected)
F2-fuzz-unknown_field-007,F2,capability overreach,fuzz,static,,schema_validation,True,handoff.injected_520,out-of-catalog unknown_field on handoff,handoff: Additional properties are not allowed ('injected_520' was unexpected)
F2-fuzz-boundary_numeric-008,F2,capability overreach,fuzz,static,,schema_validation,True,handoff.adapter,out-of-catalog boundary_numeric on handoff,handoff: -0.0 is not of type 'string'
F2-fuzz-delete_field-009,F2,capability overreach,fuzz,static,,schema_validation,True,handoff.adapter_mode,out-of-catalog delete_field on handoff,handoff: 'adapter_mode' is a required property
F2-fuzz-nesting_abuse-010,F2,capability overreach,fuzz,static,,schema_validation,True,handoff.paper_only,out-of-catalog nesting_abuse on handoff,handoff: [[{'depth': [True]}]] is not of type 'boolean'
F2-fuzz-nesting_abuse-011,F2,capability overreach,fuzz,static,,schema_validation,True,handoff.orders,out-of-catalog nesting_abuse on handoff,"handoff: [{'depth': [[{'client_order_id': 'ls-e1tpl-0001-btc-usd', 'adapter_mode': 'dry_run', 'account_mode': 'paper', 'symbol': 'BTC-USD', 'side': 'buy', 'order_type': 'limit', 'quantity': 0.00915328, 'time_in_force': 'day', 'limit_price':"
F2-fuzz-unknown_field-012,F2,capability overreach,fuzz,static,,schema_validation,True,handoff.injected_311,out-of-catalog unknown_field on handoff,handoff: Additional properties are not allowed ('injected_311' was unexpected)
F2-fuzz-delete_field-013,F2,capability overreach,fuzz,static,,schema_validation,True,capability.credential_policy,out-of-catalog delete_field on capability,capability: 'credential_policy' is a required property
F2-fuzz-cross_splice-014,F2,capability overreach,fuzz,static,,schema_validation,True,handoff.kill_switch,out-of-catalog cross_splice on handoff,handoff: 'e1tpl-approval-001' is not of type 'boolean'
F2-fuzz-unknown_field-015,F2,capability overreach,fuzz,static,,schema_validation,True,capability.injected_346,out-of-catalog unknown_field on capability,capability: Additional properties are not allowed ('injected_346' was unexpected)
F2-fuzz-delete_field-016,F2,capability overreach,fuzz,static,,schema_validation,True,handoff.live_submission,out-of-catalog delete_field on handoff,handoff: 'live_submission' is a required property
F2-fuzz-delete_field-017,F2,capability overreach,fuzz,static,,schema_validation,True,handoff.kill_switch,out-of-catalog delete_field on handoff,handoff: 'kill_switch' is a required property
F2-fuzz-retype_field-018,F2,capability overreach,fuzz,static,,schema_validation,True,capability.verification_commands,out-of-catalog retype_field on capability,capability: True is not of type 'array'
F2-fuzz-nesting_abuse-019,F2,capability overreach,fuzz,static,,schema_validation,True,capability.network_access,out-of-catalog nesting_abuse on capability,"capability: [[{'depth': ['none']}]] is not one of ['none', 'optional', 'required_for_paper_sandbox', 'required_for_live']"
F2-fuzz-retype_field-020,F2,capability overreach,fuzz,static,,schema_validation,True,capability.credential_policy,out-of-catalog retype_field on capability,capability: 'string-instead' is not of type 'object'
F2-fuzz-unknown_field-021,F2,capability overreach,fuzz,static,,schema_validation,True,capability.injected_446,out-of-catalog unknown_field on capability,capability: Additional properties are not allowed ('injected_446' was unexpected)
F2-fuzz-boundary_numeric-022,F2,capability overreach,fuzz,static,,approval_hash_binding,True,handoff.adapter,out-of-catalog boundary_numeric on handoff,approval binding: request_artifact_hash does not match broker handoff artifact
F2-fuzz-boundary_numeric-023,F2,capability overreach,fuzz,static,,schema_validation,True,handoff.orders,out-of-catalog boundary_numeric on handoff,handoff: 'Infinity' is not of type 'array'
F2-fuzz-nesting_abuse-024,F2,capability overreach,fuzz,static,,schema_validation,True,capability.verification_commands,out-of-catalog nesting_abuse on capability,capability: [{'depth': [['python -m tradearena.cli validate-broker-capability outputs/live_readiness_e1_tmp/template/sessions/e1tpl/capability_manifest.json']]}] is not of type 'string'
F2-fuzz-cross_splice-025,F2,capability overreach,fuzz,static,,schema_validation,True,capability.default_mode,out-of-catalog cross_splice on capability,"capability: '2026-07-03T09:05:00Z' is not one of ['offline_export', 'dry_run', 'paper_sandbox']"
F2-fuzz-delete_field-026,F2,capability overreach,fuzz,static,,schema_validation,True,capability.account_modes,out-of-catalog delete_field on capability,capability: 'account_modes' is a required property
F2-fuzz-cross_splice-027,F2,capability overreach,fuzz,static,,schema_validation,True,handoff.kill_switch,out-of-catalog cross_splice on handoff,handoff: 'deterministic E1 fault-injection template' is not of type 'boolean'
F2-fuzz-nesting_abuse-028,F2,capability overreach,fuzz,static,,schema_validation,True,handoff.paper_only,out-of-catalog nesting_abuse on handoff,handoff: [[{'depth': [True]}]] is not of type 'boolean'
F2-fuzz-delete_field-029,F2,capability overreach,fuzz,static,,schema_validation,True,handoff.manual_approval_required,out-of-catalog delete_field on handoff,handoff: 'manual_approval_required' is a required property
F2-fuzz-boundary_numeric-030,F2,capability overreach,fuzz,static,,schema_validation,True,handoff.account_mode,out-of-catalog boundary_numeric on handoff,handoff: 0 is not of type 'string'
F2-fuzz-unknown_field-031,F2,capability overreach,fuzz,static,,schema_validation,True,handoff.injected_759,out-of-catalog unknown_field on handoff,handoff: Additional properties are not allowed ('injected_759' was unexpected)
F2-fuzz-free_text_tamper-032,F2,capability overreach,fuzz,static,,escape,False,bundle.safety_note,out-of-catalog free_text_tamper on handoff,passed all five layers and the sealed final gate
F2-fuzz-unknown_field-033,F2,capability overreach,fuzz,static,,schema_validation,True,capability.injected_423,out-of-catalog unknown_field on capability,capability: Additional properties are not allowed ('injected_423' was unexpected)
F2-fuzz-boundary_numeric-034,F2,capability overreach,fuzz,static,,schema_validation,True,capability.supported_order_types,out-of-catalog boundary_numeric on capability,capability: -0.0 is not of type 'array'
F2-fuzz-retype_field-035,F2,capability overreach,fuzz,static,,schema_validation,True,handoff.live_submission,out-of-catalog retype_field on handoff,handoff: 'string-instead' is not of type 'boolean'
F2-fuzz-retype_field-036,F2,capability overreach,fuzz,static,,schema_validation,True,handoff.kill_switch,out-of-catalog retype_field on handoff,handoff: 12345 is not of type 'boolean'
F3-approval-expired,F3,approval bypass & replay,directed,static,approval_hash_binding,approval_hash_binding,True,approval.expires_at,approval expires_at precedes the review time,approval binding: approval artifact is expired
F3-approval-expires-before-approved,F3,approval bypass & replay,directed,static,single_artifact_validator,single_artifact_validator,True,approval.expires_at,approval expires_at precedes approved_at,approval: expires_at must be after approved_at
F3-approval-hash-zeroed,F3,approval bypass & replay,directed,static,approval_hash_binding,approval_hash_binding,True,approval.request_artifact_hash,approval request_artifact_hash names a different (all-zero) handoff,approval binding: request_artifact_hash does not match broker handoff artifact
F3-response-hash-zeroed,F3,approval bypass & replay,directed,static,approval_hash_binding,approval_hash_binding,True,response.request_artifact_hash,response request_artifact_hash names a different handoff,response.request_artifact_hash sha256:1111111111111111111111111111111111111111111111111111111111111111 does not match handoff hash sha256:13ab8e78ced3b10674d9707a6a364902c78f55a4a8c91d289af0e2e207cc1074
F3-approval-status-revoked,F3,approval bypass & replay,directed,static,schema_validation,schema_validation,True,approval.approval_status,approval_status is not 'approved',approval: 'approved' was expected
F3-approval-scope-drops-symbol,F3,approval bypass & replay,directed,static,approval_hash_binding,approval_hash_binding,True,approval.allowed_symbols,approval allowed_symbols omits a reviewed handoff symbol,approval binding: orders[1].symbol BTC=F is outside approval allowed_symbols
F3-approval-max-quantity-below-order,F3,approval bypass & replay,directed,static,approval_hash_binding,approval_hash_binding,True,approval.max_quantity,approval max_quantity below a reviewed order quantity,approval binding: orders[0].quantity 0.00915328 exceeds approval max_quantity 1e-06
F3-approval-max-notional-below-order,F3,approval bypass & replay,directed,static,approval_hash_binding,approval_hash_binding,True,approval.max_notional,approval max_notional below a reviewed order notional,approval binding: orders[0].notional 1000.00 exceeds approval max_notional 1.00
F3-handoff-postapproval-quantity-x10,F3,approval bypass & replay,directed,static,approval_hash_binding,approval_hash_binding,True,handoff.orders[0],post-approval handoff edit (quantity-x10) breaks the approval binding,approval binding: request_artifact_hash does not match broker handoff artifact
F3-handoff-postapproval-quantity-plus-epsilon,F3,approval bypass & replay,directed,static,approval_hash_binding,approval_hash_binding,True,handoff.orders[0],post-approval handoff edit (quantity-plus-epsilon) breaks the approval binding,approval binding: request_artifact_hash does not match broker handoff artifact
F3-handoff-postapproval-limit-price-bump,F3,approval bypass & replay,directed,static,approval_hash_binding,approval_hash_binding,True,handoff.orders[0],post-approval handoff edit (limit-price-bump) breaks the approval binding,approval binding: request_artifact_hash does not match broker handoff artifact
F3-handoff-postapproval-side-flip,F3,approval bypass & replay,directed,static,approval_hash_binding,approval_hash_binding,True,handoff.orders[0],post-approval handoff edit (side-flip) breaks the approval binding,approval binding: request_artifact_hash does not match broker handoff artifact
F3-handoff-postapproval-reason-tamper,F3,approval bypass & replay,directed,static,approval_hash_binding,approval_hash_binding,True,handoff.orders[0],post-approval handoff edit (reason-tamper) breaks the approval binding,approval binding: request_artifact_hash does not match broker handoff artifact
F3-handoff-postapproval-add-order,F3,approval bypass & replay,directed,static,approval_hash_binding,single_artifact_validator,True,handoff.orders[0],post-approval handoff edit (add-order) breaks the approval binding,handoff: orders[3].client_order_id duplicates an earlier order
F3-orchestrator-replay-foreign-approval,F3,approval bypass & replay,directed,orchestrator,orchestrator_revalidation,orchestrator_revalidation,True,approval,a valid unexpired approval from another session is replayed into this one,replayed foreign approval: approval does not bind to the on-disk handoff artifact; execution is refused: request_artifact_hash does not match broker handoff artifact
F3-orchestrator-replay-expired-approval,F3,approval bypass & replay,directed,orchestrator,orchestrator_revalidation,orchestrator_revalidation,True,approval,a stale expired approval from another session is replayed into this one,replayed expired approval: approval artifact failed validation; execution is refused: approval artifact is expired
F3-orchestrator-execute-before-approve,F3,approval bypass & replay,directed,orchestrator,orchestrator_revalidation,orchestrator_revalidation,True,state,execution is attempted on a proposed-but-unapproved session,execute before approve: session status proposed is not approved; execution is refused
F3-orchestrator-execute-after-reject,F3,approval bypass & replay,directed,orchestrator,orchestrator_revalidation,orchestrator_revalidation,True,state,execution is attempted on a rejected session,execute after reject: session was rejected; execution is refused
F3-fuzz-unknown_field-000,F3,approval bypass & replay,fuzz,static,,schema_validation,True,handoff.injected_473,out-of-catalog unknown_field on handoff,handoff: Additional properties are not allowed ('injected_473' was unexpected)
F3-fuzz-delete_field-001,F3,approval bypass & replay,fuzz,static,,schema_validation,True,approval.approval_reason,out-of-catalog delete_field on approval,approval: 'approval_reason' is a required property
F3-fuzz-cross_splice-002,F3,approval bypass & replay,fuzz,static,,schema_validation,True,approval.approved_at,out-of-catalog cross_splice on approval,"approval: [{'client_order_id': 'ls-e1tpl-0001-btc-usd', 'adapter_mode': 'dry_run', 'account_mode': 'paper', 'symbol': 'BTC-USD', 'side': 'buy', 'order_type': 'limit', 'quantity': 0.00915328, 'time_in_force': 'day', 'limit_price': 109250.5, "
F3-fuzz-boundary_numeric-003,F3,approval bypass & replay,fuzz,static,,schema_validation,True,approval.max_quantity,out-of-catalog boundary_numeric on approval,approval: 'NaN' is not of type 'number'
F3-fuzz-delete_field-004,F3,approval bypass & replay,fuzz,static,,schema_validation,True,handoff.adapter,out-of-catalog delete_field on handoff,handoff: 'adapter' is a required property
F3-fuzz-free_text_tamper-005,F3,approval bypass & replay,fuzz,static,,escape,False,capability.safety_note,out-of-catalog free_text_tamper on handoff,passed all five layers and the sealed final gate
F3-fuzz-delete_field-006,F3,approval bypass & replay,fuzz,static,,schema_validation,True,handoff.manual_approval_required,out-of-catalog delete_field on handoff,handoff: 'manual_approval_required' is a required property
F3-fuzz-unknown_field-007,F3,approval bypass & replay,fuzz,static,,schema_validation,True,approval.injected_129,out-of-catalog unknown_field on approval,approval: Additional properties are not allowed ('injected_129' was unexpected)
F3-fuzz-unknown_field-008,F3,approval bypass & replay,fuzz,static,,schema_validation,True,approval.injected_276,out-of-catalog unknown_field on approval,approval: Additional properties are not allowed ('injected_276' was unexpected)
F3-fuzz-free_text_tamper-009,F3,approval bypass & replay,fuzz,static,,escape,False,capability.adapter_name,out-of-catalog free_text_tamper on handoff,passed all five layers and the sealed final gate
F3-fuzz-boundary_numeric-010,F3,approval bypass & replay,fuzz,static,,schema_validation,True,approval.max_quantity,out-of-catalog boundary_numeric on approval,approval: -0.0 is less than or equal to the minimum of 0
F3-fuzz-nesting_abuse-011,F3,approval bypass & replay,fuzz,static,,schema_validation,True,handoff.orders,out-of-catalog nesting_abuse on handoff,"handoff: [{'depth': [[{'client_order_id': 'ls-e1tpl-0001-btc-usd', 'adapter_mode': 'dry_run', 'account_mode': 'paper', 'symbol': 'BTC-USD', 'side': 'buy', 'order_type': 'limit', 'quantity': 0.00915328, 'time_in_force': 'day', 'limit_price':"
F3-fuzz-retype_field-012,F3,approval bypass & replay,fuzz,static,,schema_validation,True,handoff.paper_only,out-of-catalog retype_field on handoff,handoff: 12345 is not of type 'boolean'
F3-fuzz-free_text_tamper-013,F3,approval bypass & replay,fuzz,static,,escape,False,approval.approval_reason,out-of-catalog free_text_tamper on handoff,passed all five layers and the sealed final gate
F3-fuzz-free_text_tamper-014,F3,approval bypass & replay,fuzz,static,,escape,False,capability.safety_note,out-of-catalog free_text_tamper on handoff,passed all five layers and the sealed final gate
F3-fuzz-retype_field-015,F3,approval bypass & replay,fuzz,static,,schema_validation,True,handoff.adapter_mode,out-of-catalog retype_field on handoff,handoff: True is not of type 'string'
F3-fuzz-retype_field-016,F3,approval bypass & replay,fuzz,static,,schema_validation,True,approval.approved_at,out-of-catalog retype_field on approval,approval: None is not of type 'string'
F3-fuzz-delete_field-017,F3,approval bypass & replay,fuzz,static,,schema_validation,True,approval.approval_status,out-of-catalog delete_field on approval,approval: 'approval_status' is a required property
F3-fuzz-boundary_numeric-018,F3,approval bypass & replay,fuzz,static,,schema_validation,True,approval.max_quantity,out-of-catalog boundary_numeric on approval,approval: 'NaN' is not of type 'number'
F3-fuzz-cross_splice-019,F3,approval bypass & replay,fuzz,static,,schema_validation,True,handoff.orders,out-of-catalog cross_splice on handoff,handoff: 'sha256:13ab8e78ced3b10674d9707a6a364902c78f55a4a8c91d289af0e2e207cc1074' is not of type 'array'
F3-fuzz-boundary_numeric-020,F3,approval bypass & replay,fuzz,static,,schema_validation,True,handoff.orders,out-of-catalog boundary_numeric on handoff,handoff: -1 is not of type 'array'
F3-fuzz-boundary_numeric-021,F3,approval bypass & replay,fuzz,static,,schema_validation,True,handoff.adapter_mode,out-of-catalog boundary_numeric on handoff,"handoff: 'Infinity' is not one of ['offline_export', 'dry_run', 'paper_sandbox', 'live_human_approved']"
F3-fuzz-cross_splice-022,F3,approval bypass & replay,fuzz,static,,schema_validation,True,handoff.account_mode,out-of-catalog cross_splice on handoff,"handoff: 'e1-operator' is not one of ['none', 'paper', 'live']"
F3-fuzz-cross_splice-023,F3,approval bypass & replay,fuzz,static,,schema_validation,True,approval.allowed_symbols,out-of-catalog cross_splice on approval,approval: False is not of type 'array'
F3-fuzz-cross_splice-024,F3,approval bypass & replay,fuzz,static,,schema_validation,True,handoff.adapter_mode,out-of-catalog cross_splice on handoff,"handoff: 'e1-operator' is not one of ['offline_export', 'dry_run', 'paper_sandbox', 'live_human_approved']"
F3-fuzz-cross_splice-025,F3,approval bypass & replay,fuzz,static,,schema_validation,True,handoff.paper_only,out-of-catalog cross_splice on handoff,handoff: ['limit'] is not of type 'boolean'
F3-fuzz-unknown_field-026,F3,approval bypass & replay,fuzz,static,,schema_validation,True,approval.injected_273,out-of-catalog unknown_field on approval,approval: Additional properties are not allowed ('injected_273' was unexpected)
F3-fuzz-cross_splice-027,F3,approval bypass & replay,fuzz,static,,schema_validation,True,approval.approved_by,out-of-catalog cross_splice on approval,approval: True is not of type 'string'
F3-fuzz-retype_field-028,F3,approval bypass & replay,fuzz,static,,schema_validation,True,approval.approval_id,out-of-catalog retype_field on approval,approval: None is not of type 'string'
F3-fuzz-retype_field-029,F3,approval bypass & replay,fuzz,static,,schema_validation,True,handoff.adapter_mode,out-of-catalog retype_field on handoff,"handoff: ['as', 'list'] is not of type 'string'"
F3-fuzz-free_text_tamper-030,F3,approval bypass & replay,fuzz,static,,escape,False,capability.safety_note,out-of-catalog free_text_tamper on approval,passed all five layers and the sealed final gate
F3-fuzz-delete_field-031,F3,approval bypass & replay,fuzz,static,,schema_validation,True,approval.approval_id,out-of-catalog delete_field on approval,approval: 'approval_id' is a required property
F3-fuzz-retype_field-032,F3,approval bypass & replay,fuzz,static,,schema_validation,True,handoff.paper_only,out-of-catalog retype_field on handoff,handoff: None is not of type 'boolean'
F3-fuzz-unknown_field-033,F3,approval bypass & replay,fuzz,static,,schema_validation,True,handoff.injected_325,out-of-catalog unknown_field on handoff,handoff: Additional properties are not allowed ('injected_325' was unexpected)
F3-fuzz-unknown_field-034,F3,approval bypass & replay,fuzz,static,,schema_validation,True,approval.injected_122,out-of-catalog unknown_field on approval,approval: Additional properties are not allowed ('injected_122' was unexpected)
F3-fuzz-unknown_field-035,F3,approval bypass & replay,fuzz,static,,schema_validation,True,approval.injected_158,out-of-catalog unknown_field on approval,approval: Additional properties are not allowed ('injected_158' was unexpected)
F3-fuzz-retype_field-036,F3,approval bypass & replay,fuzz,static,,schema_validation,True,handoff.orders,out-of-catalog retype_field on handoff,handoff: True is not of type 'array'
F3-fuzz-cross_splice-037,F3,approval bypass & replay,fuzz,static,,schema_validation,True,approval.approved_by,out-of-catalog cross_splice on approval,"approval: [{'client_order_id': 'ls-e1tpl-0001-btc-usd', 'adapter_mode': 'dry_run', 'account_mode': 'paper', 'symbol': 'BTC-USD', 'side': 'buy', 'order_type': 'limit', 'quantity': 0.00915328, 'time_in_force': 'day', 'limit_price': 109250.5, "
F3-fuzz-boundary_numeric-038,F3,approval bypass & replay,fuzz,static,,schema_validation,True,approval.max_quantity,out-of-catalog boundary_numeric on approval,approval: 'NaN' is not of type 'number'
F3-fuzz-free_text_tamper-039,F3,approval bypass & replay,fuzz,static,,escape,False,capability.adapter_name,out-of-catalog free_text_tamper on handoff,passed all five layers and the sealed final gate
F3-fuzz-unknown_field-040,F3,approval bypass & replay,fuzz,static,,schema_validation,True,approval.injected_832,out-of-catalog unknown_field on approval,approval: Additional properties are not allowed ('injected_832' was unexpected)
F3-fuzz-retype_field-041,F3,approval bypass & replay,fuzz,static,,schema_validation,True,handoff.kill_switch,out-of-catalog retype_field on handoff,handoff: 'string-instead' is not of type 'boolean'
F4-response-unknown-client-order-id,F4,response mismatch,directed,static,cross_artifact_preflight,cross_artifact_preflight,True,response.responses[0].client_order_id,response row references an unknown client_order_id,handoff_artifact.orders[0].client_order_id ls-e1tpl-0001-btc-usd is missing from response_artifact.responses
F4-response-submitted-quantity-mismatch,F4,response mismatch,directed,static,cross_artifact_preflight,cross_artifact_preflight,True,response.responses[0].submitted_quantity,response submitted_quantity disagrees with the reviewed handoff quantity,response_artifact.responses[0].submitted_quantity 5.00915328 does not match handoff_artifact.orders quantity 0.00915328 for client_order_id ls-e1tpl-0001-btc-usd
F4-response-fill-exceeds-submitted,F4,response mismatch,directed,static,single_artifact_validator,single_artifact_validator,True,response.responses[0].fill_quantity,fill_quantity exceeds submitted_quantity,response: responses[0].fill_quantity cannot exceed submitted_quantity
F4-response-dropped-order,F4,response mismatch,directed,static,single_artifact_validator,single_artifact_validator,True,response.responses,a reviewed order has no response row and counts are stale,response: reconciliation.response_count must be 2; got 3
F4-response-dropped-order-recounted,F4,response mismatch,directed,static,cross_artifact_preflight,cross_artifact_preflight,True,response.responses,dropped order with reconciliation.response_count decremented (linkage catch),handoff_artifact.orders[2].client_order_id ls-e1tpl-0003-gspc is missing from response_artifact.responses
F4-response-filled-count-inflated,F4,response mismatch,directed,static,single_artifact_validator,single_artifact_validator,True,response.reconciliation.filled_count,reconciliation.filled_count disagrees with the response rows,response: reconciliation.filled_count must be 3; got 6
F4-response-fill-ratio-faked,F4,response mismatch,directed,static,single_artifact_validator,single_artifact_validator,True,response.reconciliation.fill_ratio_mean,reconciliation.fill_ratio_mean does not recompute from rows,response: reconciliation.fill_ratio_mean must be 1.0; got 0.5
F4-response-missing-count-faked,F4,response mismatch,directed,static,single_artifact_validator,cross_artifact_preflight,True,response.reconciliation.missing_response_count,reconciliation.missing_response_count understates a dropped order,response_artifact.reconciliation.missing_response_count 5 does not match handoff/response linkage count 0
F4-response-account-mode-mismatch,F4,response mismatch,directed,static,single_artifact_validator,schema_validation,True,response.responses[0].account_mode,a response row account_mode disagrees with the artifact,response: 'live' should not be valid under {'const': 'live'}
F4-response-rejected-with-fill,F4,response mismatch,directed,static,single_artifact_validator,schema_validation,True,response.responses[0],response status invariant violated (rejected-with-fill),response: 0.00915328 is greater than the maximum of 0
F4-response-filled-without-price,F4,response mismatch,directed,static,single_artifact_validator,schema_validation,True,response.responses[0],response status invariant violated (filled-without-price),response: None is not of type 'number'
F4-response-filled-qty-not-equal,F4,response mismatch,directed,static,single_artifact_validator,single_artifact_validator,True,response.responses[0],response status invariant violated (filled-qty-not-equal),response: responses[0].filled fill_quantity must equal submitted_quantity
F4-response-accepted-with-fill,F4,response mismatch,directed,static,single_artifact_validator,schema_validation,True,response.responses[0],response status invariant violated (accepted-with-fill),response: 0.00915328 is greater than the maximum of 0
F4-response-unknown-without-reason,F4,response mismatch,directed,static,single_artifact_validator,schema_validation,True,response.responses[0],response status invariant violated (unknown-without-reason),response: None is not of type 'string'
F4-response-negative-fees,F4,response mismatch,directed,static,schema_validation,schema_validation,True,response.responses[0],response status invariant violated (negative-fees),response: -1.0 is less than the minimum of 0
F4-response-broker-before-submit,F4,response mismatch,directed,static,single_artifact_validator,single_artifact_validator,True,response.responses[0],response status invariant violated (broker-before-submit),response: responses[0].broker_timestamp must be at or after submitted_at
F4-fuzz-retype_field-000,F4,response mismatch,fuzz,static,,schema_validation,True,response.live_submission,out-of-catalog retype_field on response,response: 'string-instead' is not of type 'boolean'
F4-fuzz-free_text_tamper-001,F4,response mismatch,fuzz,static,,escape,False,bundle.safety_note,out-of-catalog free_text_tamper on response,passed all five layers and the sealed final gate
F4-fuzz-cross_splice-002,F4,response mismatch,fuzz,static,,schema_validation,True,response.live_submission,out-of-catalog cross_splice on response,response: 'approved' is not of type 'boolean'
F4-fuzz-free_text_tamper-003,F4,response mismatch,fuzz,static,,escape,False,approval.approval_reason,out-of-catalog free_text_tamper on response,passed all five layers and the sealed final gate
F4-fuzz-boundary_numeric-004,F4,response mismatch,fuzz,static,,schema_validation,True,response.live_submission,out-of-catalog boundary_numeric on response,response: -1 is not of type 'boolean'
F4-fuzz-boundary_numeric-005,F4,response mismatch,fuzz,static,,schema_validation,True,response.request_artifact_hash,out-of-catalog boundary_numeric on response,response: -0.0 is not of type 'string'
F4-fuzz-nesting_abuse-006,F4,response mismatch,fuzz,static,,schema_validation,True,response.reconciliation,out-of-catalog nesting_abuse on response,"response: [[{'depth': [{'accepted_count': 0, 'canceled_count': 0, 'expired_count': 0, 'fill_ratio_mean': 1.0, 'filled_count': 3, 'missing_response_count': 0, 'partial_fill_count': 0, 'rejected_count': 0, 'response_count': 3, 'unknown_count'"
F4-fuzz-nesting_abuse-007,F4,response mismatch,fuzz,static,,schema_validation,True,response.reconciliation,out-of-catalog nesting_abuse on response,"response: [[{'depth': [{'accepted_count': 0, 'canceled_count': 0, 'expired_count': 0, 'fill_ratio_mean': 1.0, 'filled_count': 3, 'missing_response_count': 0, 'partial_fill_count': 0, 'rejected_count': 0, 'response_count': 3, 'unknown_count'"
F4-fuzz-retype_field-008,F4,response mismatch,fuzz,static,,schema_validation,True,response.live_submission,out-of-catalog retype_field on response,response: {'as': 'object'} is not of type 'boolean'
F4-fuzz-unknown_field-009,F4,response mismatch,fuzz,static,,schema_validation,True,response.injected_695,out-of-catalog unknown_field on response,response: Additional properties are not allowed ('injected_695' was unexpected)
F4-fuzz-boundary_numeric-010,F4,response mismatch,fuzz,static,,schema_validation,True,response.request_artifact_hash,out-of-catalog boundary_numeric on response,response: 'Infinity' does not match '^sha256:[0-9a-f]{64}$'
F4-fuzz-nesting_abuse-011,F4,response mismatch,fuzz,static,,schema_validation,True,response.responses,out-of-catalog nesting_abuse on response,"response: [{'depth': [[{'accepted_quantity': 0.00915328, 'account_mode': 'paper', 'broker_order_id': 'simfill-a589c801e0f269ae', 'broker_timestamp': '2026-07-02T09:06:00Z', 'client_order_id': 'ls-e1tpl-0001-btc-usd', 'fees': 0.0, 'fill_pric"
F4-fuzz-unknown_field-012,F4,response mismatch,fuzz,static,,schema_validation,True,response.injected_675,out-of-catalog unknown_field on response,response: Additional properties are not allowed ('injected_675' was unexpected)
F4-fuzz-unknown_field-013,F4,response mismatch,fuzz,static,,schema_validation,True,response.injected_875,out-of-catalog unknown_field on response,response: Additional properties are not allowed ('injected_875' was unexpected)
F4-fuzz-nesting_abuse-014,F4,response mismatch,fuzz,static,,schema_validation,True,response.adapter,out-of-catalog nesting_abuse on response,response: [[{'depth': ['dry-run-broker-adapter']}]] is not of type 'string'
F4-fuzz-cross_splice-015,F4,response mismatch,fuzz,static,,schema_validation,True,response.reconciliation,out-of-catalog cross_splice on response,response: '2026-07-03T09:05:00Z' is not of type 'object'
F4-fuzz-free_text_tamper-016,F4,response mismatch,fuzz,static,,escape,False,capability.safety_note,out-of-catalog free_text_tamper on response,passed all five layers and the sealed final gate
F4-fuzz-retype_field-017,F4,response mismatch,fuzz,static,,schema_validation,True,response.adapter_mode,out-of-catalog retype_field on response,response: None is not of type 'string'
F4-fuzz-nesting_abuse-018,F4,response mismatch,fuzz,static,,schema_validation,True,response.live_submission,out-of-catalog nesting_abuse on response,response: [[{'depth': [False]}]] is not of type 'boolean'
F4-fuzz-boundary_numeric-019,F4,response mismatch,fuzz,static,,schema_validation,True,response.responses,out-of-catalog boundary_numeric on response,response: 1e+308 is not of type 'array'
F4-fuzz-boundary_numeric-020,F4,response mismatch,fuzz,static,,schema_validation,True,response.live_submission,out-of-catalog boundary_numeric on response,response: 0 is not of type 'boolean'
F4-fuzz-nesting_abuse-021,F4,response mismatch,fuzz,static,,schema_validation,True,response.adapter_mode,out-of-catalog nesting_abuse on response,response: [[{'depth': ['dry_run']}]] is not of type 'string'
F4-fuzz-cross_splice-022,F4,response mismatch,fuzz,static,,schema_validation,True,response.account_mode,out-of-catalog cross_splice on response,"response: '2026-07-02T09:05:00Z' is not one of ['none', 'paper', 'live']"
F4-fuzz-free_text_tamper-023,F4,response mismatch,fuzz,static,,escape,False,runbook.safety_note,out-of-catalog free_text_tamper on response,passed all five layers and the sealed final gate
F4-fuzz-boundary_numeric-024,F4,response mismatch,fuzz,static,,schema_validation,True,response.adapter_mode,out-of-catalog boundary_numeric on response,"response: 'Infinity' is not one of ['offline_export', 'dry_run', 'paper_sandbox', 'live_human_approved']"
F4-fuzz-retype_field-025,F4,response mismatch,fuzz,static,,schema_validation,True,response.live_submission,out-of-catalog retype_field on response,response: 'string-instead' is not of type 'boolean'
F4-fuzz-unknown_field-026,F4,response mismatch,fuzz,static,,schema_validation,True,response.injected_615,out-of-catalog unknown_field on response,response: Additional properties are not allowed ('injected_615' was unexpected)
F4-fuzz-boundary_numeric-027,F4,response mismatch,fuzz,static,,schema_validation,True,response.responses,out-of-catalog boundary_numeric on response,response: 'NaN' is not of type 'array'
F4-fuzz-cross_splice-028,F4,response mismatch,fuzz,static,,cross_artifact_preflight,True,response.adapter,out-of-catalog cross_splice on response,response_artifact.adapter e1-operator does not match capability_manifest.adapter_id dry-run-broker-adapter
F4-fuzz-free_text_tamper-029,F4,response mismatch,fuzz,static,,escape,False,capability.adapter_name,out-of-catalog free_text_tamper on response,passed all five layers and the sealed final gate
F4-fuzz-boundary_numeric-030,F4,response mismatch,fuzz,static,,schema_validation,True,response.adapter_mode,out-of-catalog boundary_numeric on response,response: -1 is not of type 'string'
F4-fuzz-boundary_numeric-031,F4,response mismatch,fuzz,static,,schema_validation,True,response.reconciliation,out-of-catalog boundary_numeric on response,response: -1 is not of type 'object'
F4-fuzz-unknown_field-032,F4,response mismatch,fuzz,static,,schema_validation,True,response.injected_636,out-of-catalog unknown_field on response,response: Additional properties are not allowed ('injected_636' was unexpected)
F4-fuzz-retype_field-033,F4,response mismatch,fuzz,static,,schema_validation,True,response.account_mode,out-of-catalog retype_field on response,response: 12345 is not of type 'string'
F4-fuzz-unknown_field-034,F4,response mismatch,fuzz,static,,schema_validation,True,response.injected_223,out-of-catalog unknown_field on response,response: Additional properties are not allowed ('injected_223' was unexpected)
F4-fuzz-retype_field-035,F4,response mismatch,fuzz,static,,schema_validation,True,response.adapter,out-of-catalog retype_field on response,"response: ['as', 'list'] is not of type 'string'"
F4-fuzz-delete_field-036,F4,response mismatch,fuzz,static,,schema_validation,True,response.account_mode,out-of-catalog delete_field on response,response: 'account_mode' is a required property
F4-fuzz-delete_field-037,F4,response mismatch,fuzz,static,,schema_validation,True,response.adapter,out-of-catalog delete_field on response,response: 'adapter' is a required property
F4-fuzz-retype_field-038,F4,response mismatch,fuzz,static,,schema_validation,True,response.responses,out-of-catalog retype_field on response,response: None is not of type 'array'
F4-fuzz-unknown_field-039,F4,response mismatch,fuzz,static,,schema_validation,True,response.injected_205,out-of-catalog unknown_field on response,response: Additional properties are not allowed ('injected_205' was unexpected)
F4-fuzz-cross_splice-040,F4,response mismatch,fuzz,static,,schema_validation,True,response.adapter_mode,out-of-catalog cross_splice on response,"response: 'e1tpl-approval-001' is not one of ['offline_export', 'dry_run', 'paper_sandbox', 'live_human_approved']"
F4-fuzz-retype_field-041,F4,response mismatch,fuzz,static,,schema_validation,True,response.adapter,out-of-catalog retype_field on response,response: {'as': 'object'} is not of type 'string'
F4-fuzz-delete_field-042,F4,response mismatch,fuzz,static,,schema_validation,True,response.responses,out-of-catalog delete_field on response,response: 'responses' is a required property
F4-fuzz-free_text_tamper-043,F4,response mismatch,fuzz,static,,escape,False,capability.safety_note,out-of-catalog free_text_tamper on response,passed all five layers and the sealed final gate
F5-approval-approved-at-naive,F5,clock & timestamp,directed,static,schema_validation,schema_validation,True,approval.approved_at,approval.approved_at timestamp is naive,approval: '2026-07-02T09:05:00' does not match '^\\d{4}-\\d{2}-\\d{2}T\\d{2}:\\d{2}:\\d{2}(?:\\.\\d+)?(?:Z|[+-]\\d{2}:\\d{2})$'
F5-approval-approved-at-badoffset,F5,clock & timestamp,directed,static,schema_validation,schema_validation,True,approval.approved_at,approval.approved_at timestamp is badoffset,approval: '2026-07-02T09:05:00+0500' does not match '^\\d{4}-\\d{2}-\\d{2}T\\d{2}:\\d{2}:\\d{2}(?:\\.\\d+)?(?:Z|[+-]\\d{2}:\\d{2})$'
F5-approval-approved-at-nonsense,F5,clock & timestamp,directed,static,schema_validation,schema_validation,True,approval.approved_at,approval.approved_at timestamp is nonsense,approval: 'yesterday' does not match '^\\d{4}-\\d{2}-\\d{2}T\\d{2}:\\d{2}:\\d{2}(?:\\.\\d+)?(?:Z|[+-]\\d{2}:\\d{2})$'
F5-approval-approved-at-empty,F5,clock & timestamp,directed,static,schema_validation,schema_validation,True,approval.approved_at,approval.approved_at timestamp is empty,approval: '' does not match '^\\d{4}-\\d{2}-\\d{2}T\\d{2}:\\d{2}:\\d{2}(?:\\.\\d+)?(?:Z|[+-]\\d{2}:\\d{2})$'
F5-approval-expires-at-naive,F5,clock & timestamp,directed,static,schema_validation,schema_validation,True,approval.expires_at,approval.expires_at timestamp is naive,approval: '2026-07-02T09:05:00' does not match '^\\d{4}-\\d{2}-\\d{2}T\\d{2}:\\d{2}:\\d{2}(?:\\.\\d+)?(?:Z|[+-]\\d{2}:\\d{2})$'
F5-approval-expires-at-badoffset,F5,clock & timestamp,directed,static,schema_validation,schema_validation,True,approval.expires_at,approval.expires_at timestamp is badoffset,approval: '2026-07-02T09:05:00+0500' does not match '^\\d{4}-\\d{2}-\\d{2}T\\d{2}:\\d{2}:\\d{2}(?:\\.\\d+)?(?:Z|[+-]\\d{2}:\\d{2})$'
F5-approval-expires-at-nonsense,F5,clock & timestamp,directed,static,schema_validation,schema_validation,True,approval.expires_at,approval.expires_at timestamp is nonsense,approval: 'yesterday' does not match '^\\d{4}-\\d{2}-\\d{2}T\\d{2}:\\d{2}:\\d{2}(?:\\.\\d+)?(?:Z|[+-]\\d{2}:\\d{2})$'
F5-approval-expires-at-empty,F5,clock & timestamp,directed,static,schema_validation,schema_validation,True,approval.expires_at,approval.expires_at timestamp is empty,approval: '' does not match '^\\d{4}-\\d{2}-\\d{2}T\\d{2}:\\d{2}:\\d{2}(?:\\.\\d+)?(?:Z|[+-]\\d{2}:\\d{2})$'
F5-response-responses-0--submitted-at-naive,F5,clock & timestamp,directed,static,single_artifact_validator,schema_validation,True,response.responses[0].submitted_at,response.responses[0].submitted_at timestamp is naive,response: '2026-07-02T09:05:00' does not match '^\\d{4}-\\d{2}-\\d{2}T\\d{2}:\\d{2}:\\d{2}(?:\\.\\d+)?(?:Z|[+-]\\d{2}:\\d{2})$'
F5-response-responses-0--submitted-at-badoffset,F5,clock & timestamp,directed,static,single_artifact_validator,schema_validation,True,response.responses[0].submitted_at,response.responses[0].submitted_at timestamp is badoffset,response: '2026-07-02T09:05:00+0500' does not match '^\\d{4}-\\d{2}-\\d{2}T\\d{2}:\\d{2}:\\d{2}(?:\\.\\d+)?(?:Z|[+-]\\d{2}:\\d{2})$'
F5-response-responses-0--submitted-at-nonsense,F5,clock & timestamp,directed,static,single_artifact_validator,schema_validation,True,response.responses[0].submitted_at,response.responses[0].submitted_at timestamp is nonsense,response: 'yesterday' does not match '^\\d{4}-\\d{2}-\\d{2}T\\d{2}:\\d{2}:\\d{2}(?:\\.\\d+)?(?:Z|[+-]\\d{2}:\\d{2})$'
F5-response-responses-0--submitted-at-empty,F5,clock & timestamp,directed,static,single_artifact_validator,schema_validation,True,response.responses[0].submitted_at,response.responses[0].submitted_at timestamp is empty,response: '' does not match '^\\d{4}-\\d{2}-\\d{2}T\\d{2}:\\d{2}:\\d{2}(?:\\.\\d+)?(?:Z|[+-]\\d{2}:\\d{2})$'
F5-response-responses-0--broker-timestamp-naive,F5,clock & timestamp,directed,static,single_artifact_validator,schema_validation,True,response.responses[0].broker_timestamp,response.responses[0].broker_timestamp timestamp is naive,response: '2026-07-02T09:05:00' does not match '^\\d{4}-\\d{2}-\\d{2}T\\d{2}:\\d{2}:\\d{2}(?:\\.\\d+)?(?:Z|[+-]\\d{2}:\\d{2})$'
F5-response-responses-0--broker-timestamp-badoffset,F5,clock & timestamp,directed,static,single_artifact_validator,schema_validation,True,response.responses[0].broker_timestamp,response.responses[0].broker_timestamp timestamp is badoffset,response: '2026-07-02T09:05:00+0500' does not match '^\\d{4}-\\d{2}-\\d{2}T\\d{2}:\\d{2}:\\d{2}(?:\\.\\d+)?(?:Z|[+-]\\d{2}:\\d{2})$'
F5-response-responses-0--broker-timestamp-nonsense,F5,clock & timestamp,directed,static,single_artifact_validator,schema_validation,True,response.responses[0].broker_timestamp,response.responses[0].broker_timestamp timestamp is nonsense,response: 'yesterday' does not match '^\\d{4}-\\d{2}-\\d{2}T\\d{2}:\\d{2}:\\d{2}(?:\\.\\d+)?(?:Z|[+-]\\d{2}:\\d{2})$'
F5-response-responses-0--broker-timestamp-empty,F5,clock & timestamp,directed,static,single_artifact_validator,schema_validation,True,response.responses[0].broker_timestamp,response.responses[0].broker_timestamp timestamp is empty,response: '' does not match '^\\d{4}-\\d{2}-\\d{2}T\\d{2}:\\d{2}:\\d{2}(?:\\.\\d+)?(?:Z|[+-]\\d{2}:\\d{2})$'
F5-bundle-checked-at-drift,F5,clock & timestamp,directed,static,cross_artifact_preflight,cross_artifact_preflight,True,bundle.approval_checked_at,bundle approval_checked_at disagrees with validation --now,approval_checked_at 2026-07-02T09:08:00Z does not match validation --now 2026-07-02T09:07:00Z
F5-runbook-command-now-drift,F5,clock & timestamp,directed,static,cross_artifact_preflight,cross_artifact_preflight,True,runbook.verification_commands,runbook final-gate command --now disagrees with the review time,operator_runbook_artifact verification command --now 2026-07-02T10:00:00Z does not match preflight approval_checked_at 2026-07-02T09:07:00Z
F5-runbook-command-now-invalid,F5,clock & timestamp,directed,static,single_artifact_validator,single_artifact_validator,True,runbook.verification_commands,runbook final-gate command --now is not an ISO timestamp,runbook: verification_commands validate-live-readiness --now value must be an ISO timestamp with timezone
F5-approval-expiry-far-future-naive,F5,clock & timestamp,directed,static,schema_validation,schema_validation,True,approval.expires_at,approval expires_at is far-future but timezone-naive,approval: '2027-01-01T00:00:00' does not match '^\\d{4}-\\d{2}-\\d{2}T\\d{2}:\\d{2}:\\d{2}(?:\\.\\d+)?(?:Z|[+-]\\d{2}:\\d{2})$'
F5-fuzz-cross_splice-000,F5,clock & timestamp,fuzz,static,,schema_validation,True,bundle.approval_artifact,out-of-catalog cross_splice on bundle,bundle: ['limit'] is not of type 'string'
F5-fuzz-retype_field-001,F5,clock & timestamp,fuzz,static,,schema_validation,True,response.live_submission,out-of-catalog retype_field on response,"response: ['as', 'list'] is not of type 'boolean'"
F5-fuzz-retype_field-002,F5,clock & timestamp,fuzz,static,,schema_validation,True,bundle.approval_checked_at,out-of-catalog retype_field on bundle,bundle: 12345 is not of type 'string'
F5-fuzz-free_text_tamper-003,F5,clock & timestamp,fuzz,static,,escape,False,runbook.safety_note,out-of-catalog free_text_tamper on approval,passed all five layers and the sealed final gate
F5-fuzz-free_text_tamper-004,F5,clock & timestamp,fuzz,static,,escape,False,approval.approval_reason,out-of-catalog free_text_tamper on approval,passed all five layers and the sealed final gate
F5-fuzz-unknown_field-005,F5,clock & timestamp,fuzz,static,,schema_validation,True,response.injected_154,out-of-catalog unknown_field on response,response: Additional properties are not allowed ('injected_154' was unexpected)
F5-fuzz-unknown_field-006,F5,clock & timestamp,fuzz,static,,schema_validation,True,approval.injected_579,out-of-catalog unknown_field on approval,approval: Additional properties are not allowed ('injected_579' was unexpected)
F5-fuzz-unknown_field-007,F5,clock & timestamp,fuzz,static,,schema_validation,True,bundle.injected_604,out-of-catalog unknown_field on bundle,bundle: Additional properties are not allowed ('injected_604' was unexpected)
F5-fuzz-unknown_field-008,F5,clock & timestamp,fuzz,static,,schema_validation,True,approval.injected_231,out-of-catalog unknown_field on approval,approval: Additional properties are not allowed ('injected_231' was unexpected)
F5-fuzz-delete_field-009,F5,clock & timestamp,fuzz,static,,schema_validation,True,approval.account_mode,out-of-catalog delete_field on approval,approval: 'account_mode' is a required property
F5-fuzz-cross_splice-010,F5,clock & timestamp,fuzz,static,,schema_validation,True,approval.approval_id,out-of-catalog cross_splice on approval,approval: False is not of type 'string'
F5-fuzz-unknown_field-011,F5,clock & timestamp,fuzz,static,,schema_validation,True,response.injected_398,out-of-catalog unknown_field on response,response: Additional properties are not allowed ('injected_398' was unexpected)
F5-fuzz-nesting_abuse-012,F5,clock & timestamp,fuzz,static,,schema_validation,True,approval.max_notional,out-of-catalog nesting_abuse on approval,approval: [[{'depth': [1100.0]}]] is not of type 'number'
F5-fuzz-cross_splice-013,F5,clock & timestamp,fuzz,static,,schema_validation,True,bundle.response_artifact,out-of-catalog cross_splice on bundle,bundle: 1100.0 is not of type 'string'
F5-fuzz-cross_splice-014,F5,clock & timestamp,fuzz,static,,schema_validation,True,bundle.operator_runbook_artifact,out-of-catalog cross_splice on bundle,bundle: 100.0 is not of type 'string'
F5-fuzz-unknown_field-015,F5,clock & timestamp,fuzz,static,,schema_validation,True,bundle.injected_595,out-of-catalog unknown_field on bundle,bundle: Additional properties are not allowed ('injected_595' was unexpected)
F5-fuzz-free_text_tamper-016,F5,clock & timestamp,fuzz,static,,escape,False,runbook.safety_note,out-of-catalog free_text_tamper on approval,passed all five layers and the sealed final gate
F5-fuzz-retype_field-017,F5,clock & timestamp,fuzz,static,,schema_validation,True,approval.approved_by,out-of-catalog retype_field on approval,approval: 12345 is not of type 'string'
F5-fuzz-delete_field-018,F5,clock & timestamp,fuzz,static,,schema_validation,True,response.responses,out-of-catalog delete_field on response,response: 'responses' is a required property
F5-fuzz-unknown_field-019,F5,clock & timestamp,fuzz,static,,schema_validation,True,approval.injected_500,out-of-catalog unknown_field on approval,approval: Additional properties are not allowed ('injected_500' was unexpected)
F5-fuzz-delete_field-020,F5,clock & timestamp,fuzz,static,,approval_hash_binding,True,response.request_artifact_hash,out-of-catalog delete_field on response,response.request_artifact_hash None does not match handoff hash sha256:13ab8e78ced3b10674d9707a6a364902c78f55a4a8c91d289af0e2e207cc1074
F5-fuzz-retype_field-021,F5,clock & timestamp,fuzz,static,,schema_validation,True,response.adapter,out-of-catalog retype_field on response,response: None is not of type 'string'
F5-fuzz-delete_field-022,F5,clock & timestamp,fuzz,static,,schema_validation,True,response.responses,out-of-catalog delete_field on response,response: 'responses' is a required property
F5-fuzz-retype_field-023,F5,clock & timestamp,fuzz,static,,schema_validation,True,response.reconciliation,out-of-catalog retype_field on response,response: True is not of type 'object'
F5-fuzz-nesting_abuse-024,F5,clock & timestamp,fuzz,static,,schema_validation,True,approval.max_notional,out-of-catalog nesting_abuse on approval,approval: [[{'depth': [1100.0]}]] is not of type 'number'
F5-fuzz-boundary_numeric-025,F5,clock & timestamp,fuzz,static,,schema_validation,True,bundle.handoff_artifact,out-of-catalog boundary_numeric on bundle,bundle: 1e+308 is not of type 'string'
F5-fuzz-cross_splice-026,F5,clock & timestamp,fuzz,static,,escape,False,approval.approval_reason,out-of-catalog cross_splice on approval,passed all five layers and the sealed final gate
F5-fuzz-boundary_numeric-027,F5,clock & timestamp,fuzz,static,,schema_validation,True,bundle.operator_runbook_artifact,out-of-catalog boundary_numeric on bundle,bundle: 0 is not of type 'string'
F5-fuzz-unknown_field-028,F5,clock & timestamp,fuzz,static,,schema_validation,True,approval.injected_887,out-of-catalog unknown_field on approval,approval: Additional properties are not allowed ('injected_887' was unexpected)
F5-fuzz-retype_field-029,F5,clock & timestamp,fuzz,static,,approval_hash_binding,True,approval.allowed_symbols,out-of-catalog retype_field on approval,approval binding: orders[0].symbol BTC-USD is outside approval allowed_symbols
F5-fuzz-nesting_abuse-030,F5,clock & timestamp,fuzz,static,,schema_validation,True,bundle.response_artifact,out-of-catalog nesting_abuse on bundle,bundle: [[{'depth': ['outputs/live_readiness_e1_tmp/template/sessions/e1tpl/broker_response_artifact.json']}]] is not of type 'string'
F5-fuzz-unknown_field-031,F5,clock & timestamp,fuzz,static,,schema_validation,True,response.injected_587,out-of-catalog unknown_field on response,response: Additional properties are not allowed ('injected_587' was unexpected)
F5-fuzz-retype_field-032,F5,clock & timestamp,fuzz,static,,schema_validation,True,approval.approved_by,out-of-catalog retype_field on approval,"approval: ['as', 'list'] is not of type 'string'"
F5-fuzz-delete_field-033,F5,clock & timestamp,fuzz,static,,schema_validation,True,approval.approved_by,out-of-catalog delete_field on approval,approval: 'approved_by' is a required property
F5-fuzz-free_text_tamper-034,F5,clock & timestamp,fuzz,static,,escape,False,capability.safety_note,out-of-catalog free_text_tamper on response,passed all five layers and the sealed final gate
F5-fuzz-retype_field-035,F5,clock & timestamp,fuzz,static,,schema_validation,True,response.request_artifact_hash,out-of-catalog retype_field on response,response: None is not of type 'string'
F5-fuzz-unknown_field-036,F5,clock & timestamp,fuzz,static,,schema_validation,True,bundle.injected_651,out-of-catalog unknown_field on bundle,bundle: Additional properties are not allowed ('injected_651' was unexpected)
F5-fuzz-nesting_abuse-037,F5,clock & timestamp,fuzz,static,,schema_validation,True,bundle.approval_artifact,out-of-catalog nesting_abuse on bundle,bundle: [[{'depth': ['outputs/live_readiness_e1_tmp/template/sessions/e1tpl/broker_approval_artifact.json']}]] is not of type 'string'
F5-fuzz-free_text_tamper-038,F5,clock & timestamp,fuzz,static,,escape,False,approval.approval_reason,out-of-catalog free_text_tamper on bundle,passed all five layers and the sealed final gate
F5-fuzz-retype_field-039,F5,clock & timestamp,fuzz,static,,schema_validation,True,bundle.operator_runbook_artifact,out-of-catalog retype_field on bundle,bundle: True is not of type 'string'
F6-command-shell-chaining-semicolon,F6,runbook violations,directed,static,single_artifact_validator,single_artifact_validator,True,runbook.verification_commands,final-gate command carries shell chaining (semicolon),runbook: verification_commands validate-live-readiness command must not contain shell chaining
F6-command-shell-chaining-ampersand,F6,runbook violations,directed,static,single_artifact_validator,single_artifact_validator,True,runbook.verification_commands,final-gate command carries shell chaining (ampersand),runbook: verification_commands validate-live-readiness command must not contain shell chaining
F6-command-shell-chaining-pipe,F6,runbook violations,directed,static,single_artifact_validator,single_artifact_validator,True,runbook.verification_commands,final-gate command carries shell chaining (pipe),runbook: verification_commands validate-live-readiness command must not contain shell chaining
F6-command-competing-gate,F6,runbook violations,directed,static,single_artifact_validator,single_artifact_validator,True,runbook.verification_commands,two supported validate-live-readiness commands compete,runbook: verification_commands must include exactly one supported validate-live-readiness command
F6-command-unportable-bundle,F6,runbook violations,directed,static,single_artifact_validator,cross_artifact_preflight,True,runbook.verification_commands,final-gate command names an absolute bundle path,operator_runbook_artifact verification command bundle path /abs/preflight_bundle.json does not match current preflight bundle
F6-command-unsupported-prefix,F6,runbook violations,directed,static,single_artifact_validator,single_artifact_validator,True,runbook.verification_commands,final-gate command uses an unsupported executable prefix,runbook: verification_commands must not include unsupported validate-live-readiness commands
F6-drill-symbol-scope-missing,F6,runbook violations,directed,static,cross_artifact_preflight,cross_artifact_preflight,True,runbook.incident_response_drill.affected_symbols,incident drill affected_symbols omits a traded symbol,"operator_runbook_artifact.incident_response_drill.affected_symbols missing handoff symbols: BTC=F, GSPC"
F6-drill-account-mode-mismatch,F6,runbook violations,directed,static,cross_artifact_preflight,cross_artifact_preflight,True,runbook.incident_response_drill.affected_account_mode,incident drill affected_account_mode does not cover the handoff,operator_runbook_artifact.incident_response_drill.affected_account_mode live does not cover handoff_artifact.account_mode paper
F6-default-mode-mismatch,F6,runbook violations,directed,static,cross_artifact_preflight,cross_artifact_preflight,True,runbook.default_mode,runbook default_mode disagrees with the capability manifest,operator_runbook_artifact.default_mode offline_export does not match capability_manifest.default_mode dry_run
F6-retention-path-escape,F6,runbook violations,directed,static,single_artifact_validator,schema_validation,True,runbook.incident_response_drill.artifact_retention_path,incident drill artifact_retention_path escapes the sanctioned root,runbook: 'outputs/elsewhere/leak/' does not match '^outputs/examples/operator_runbook/[^\\s\\\\]*$'
F6-rollback-owner-whitespace,F6,runbook violations,directed,static,single_artifact_validator,schema_validation,True,runbook.incident_response_drill.rollback_owner,incident drill rollback_owner contains whitespace,runbook: 'on call' does not match '^\\S+$'
F6-live-submission-true,F6,runbook violations,directed,static,schema_validation,schema_validation,True,runbook.live_submission,runbook advertises live_submission true,runbook: False was expected
F6-control-off-manual_approval_required,F6,runbook violations,directed,static,schema_validation,schema_validation,True,runbook.manual_approval_required,runbook control manual_approval_required disabled,runbook: True was expected
F6-control-off-kill_switch_required,F6,runbook violations,directed,static,schema_validation,schema_validation,True,runbook.kill_switch_required,runbook control kill_switch_required disabled,runbook: True was expected
F6-control-off-approval_expiry_required,F6,runbook violations,directed,static,schema_validation,schema_validation,True,runbook.approval_expiry_required,runbook control approval_expiry_required disabled,runbook: True was expected
F6-control-off-artifact_retention_required,F6,runbook violations,directed,static,schema_validation,schema_validation,True,runbook.artifact_retention_required,runbook control artifact_retention_required disabled,runbook: True was expected
F6-control-off-incident_owner_required,F6,runbook violations,directed,static,schema_validation,schema_validation,True,runbook.incident_owner_required,runbook control incident_owner_required disabled,runbook: True was expected
F6-checklist-drop-mode-boundary,F6,runbook violations,directed,static,single_artifact_validator,schema_validation,True,runbook.checklist,runbook checklist drops the required 'mode-boundary' control,"runbook: [{'evidence': 'broker approval artifact with approved_at, expires_at, limits, and request hash', 'id': 'approval-expiry', 'owner': 'operator', 'pass_condition': 'approval is unexpired and bound to the reviewed handoff artifact'}, {"
F6-checklist-drop-approval-expiry,F6,runbook violations,directed,static,single_artifact_validator,schema_validation,True,runbook.checklist,runbook checklist drops the required 'approval-expiry' control,"runbook: [{'evidence': 'session state and handoff artifact record a paper-only adapter mode', 'id': 'mode-boundary', 'owner': 'operator', 'pass_condition': 'default path cannot submit live orders'}, {'evidence': 'kill switch flag checked by"
F6-checklist-drop-kill-switch,F6,runbook violations,directed,static,single_artifact_validator,schema_validation,True,runbook.checklist,runbook checklist drops the required 'kill-switch' control,"runbook: [{'evidence': 'session state and handoff artifact record a paper-only adapter mode', 'id': 'mode-boundary', 'owner': 'operator', 'pass_condition': 'default path cannot submit live orders'}, {'evidence': 'broker approval artifact wi"
F6-checklist-drop-reconciliation,F6,runbook violations,directed,static,single_artifact_validator,schema_validation,True,runbook.checklist,runbook checklist drops the required 'reconciliation' control,"runbook: [{'evidence': 'session state and handoff artifact record a paper-only adapter mode', 'id': 'mode-boundary', 'owner': 'operator', 'pass_condition': 'default path cannot submit live orders'}, {'evidence': 'broker approval artifact wi"
F6-checklist-drop-rollback,F6,runbook violations,directed,static,single_artifact_validator,schema_validation,True,runbook.checklist,runbook checklist drops the required 'rollback' control,"runbook: [{'evidence': 'session state and handoff artifact record a paper-only adapter mode', 'id': 'mode-boundary', 'owner': 'operator', 'pass_condition': 'default path cannot submit live orders'}, {'evidence': 'broker approval artifact wi"
F6-checklist-drop-artifact-retention,F6,runbook violations,directed,static,single_artifact_validator,schema_validation,True,runbook.checklist,runbook checklist drops the required 'artifact-retention' control,"runbook: [{'evidence': 'session state and handoff artifact record a paper-only adapter mode', 'id': 'mode-boundary', 'owner': 'operator', 'pass_condition': 'default path cannot submit live orders'}, {'evidence': 'broker approval artifact wi"
F6-checklist-drop-incident-owner,F6,runbook violations,directed,static,single_artifact_validator,schema_validation,True,runbook.checklist,runbook checklist drops the required 'incident-owner' control,"runbook: [{'evidence': 'session state and handoff artifact record a paper-only adapter mode', 'id': 'mode-boundary', 'owner': 'operator', 'pass_condition': 'default path cannot submit live orders'}, {'evidence': 'broker approval artifact wi"
F6-fuzz-free_text_tamper-000,F6,runbook violations,fuzz,static,,escape,False,approval.approval_reason,out-of-catalog free_text_tamper on runbook,passed all five layers and the sealed final gate
F6-fuzz-free_text_tamper-001,F6,runbook violations,fuzz,static,,escape,False,bundle.safety_note,out-of-catalog free_text_tamper on runbook,passed all five layers and the sealed final gate
F6-fuzz-nesting_abuse-002,F6,runbook violations,fuzz,static,,schema_validation,True,runbook.artifact_retention_required,out-of-catalog nesting_abuse on runbook,runbook: True was expected
F6-fuzz-retype_field-003,F6,runbook violations,fuzz,static,,schema_validation,True,runbook.kill_switch_required,out-of-catalog retype_field on runbook,runbook: True was expected
F6-fuzz-boundary_numeric-004,F6,runbook violations,fuzz,static,,schema_validation,True,runbook.manual_approval_required,out-of-catalog boundary_numeric on runbook,runbook: True was expected
F6-fuzz-boundary_numeric-005,F6,runbook violations,fuzz,static,,schema_validation,True,runbook.incident_owner_required,out-of-catalog boundary_numeric on runbook,runbook: True was expected
F6-fuzz-boundary_numeric-006,F6,runbook violations,fuzz,static,,schema_validation,True,runbook.kill_switch_required,out-of-catalog boundary_numeric on runbook,runbook: True was expected
F6-fuzz-boundary_numeric-007,F6,runbook violations,fuzz,static,,schema_validation,True,runbook.incident_owner_required,out-of-catalog boundary_numeric on runbook,runbook: True was expected
F6-fuzz-free_text_tamper-008,F6,runbook violations,fuzz,static,,escape,False,runbook.safety_note,out-of-catalog free_text_tamper on runbook,passed all five layers and the sealed final gate
F6-fuzz-retype_field-009,F6,runbook violations,fuzz,static,,schema_validation,True,runbook.approval_expiry_required,out-of-catalog retype_field on runbook,runbook: True was expected
F6-fuzz-cross_splice-010,F6,runbook violations,fuzz,static,,schema_validation,True,runbook.checklist,out-of-catalog cross_splice on runbook,runbook: 'sha256:13ab8e78ced3b10674d9707a6a364902c78f55a4a8c91d289af0e2e207cc1074' is not of type 'array'
F6-fuzz-unknown_field-011,F6,runbook violations,fuzz,static,,schema_validation,True,runbook.injected_93,out-of-catalog unknown_field on runbook,runbook: Additional properties are not allowed ('injected_93' was unexpected)
F6-fuzz-delete_field-012,F6,runbook violations,fuzz,static,,schema_validation,True,runbook.manual_approval_required,out-of-catalog delete_field on runbook,runbook: 'manual_approval_required' is a required property
F6-fuzz-cross_splice-013,F6,runbook violations,fuzz,static,,schema_validation,True,runbook.safety_note,out-of-catalog cross_splice on runbook,runbook: 100.0 is not of type 'string'
F6-fuzz-free_text_tamper-014,F6,runbook violations,fuzz,static,,escape,False,capability.safety_note,out-of-catalog free_text_tamper on runbook,passed all five layers and the sealed final gate
F6-fuzz-retype_field-015,F6,runbook violations,fuzz,static,,schema_validation,True,runbook.artifact_retention_required,out-of-catalog retype_field on runbook,runbook: True was expected
F6-fuzz-boundary_numeric-016,F6,runbook violations,fuzz,static,,schema_validation,True,runbook.manual_approval_required,out-of-catalog boundary_numeric on runbook,runbook: True was expected
F6-fuzz-cross_splice-017,F6,runbook violations,fuzz,static,,schema_validation,True,runbook.safety_note,out-of-catalog cross_splice on runbook,runbook: 100.0 is not of type 'string'
F6-fuzz-boundary_numeric-018,F6,runbook violations,fuzz,static,,schema_validation,True,runbook.checklist,out-of-catalog boundary_numeric on runbook,runbook: 0 is not of type 'array'
F6-fuzz-retype_field-019,F6,runbook violations,fuzz,static,,schema_validation,True,runbook.approval_expiry_required,out-of-catalog retype_field on runbook,runbook: True was expected
F6-fuzz-unknown_field-020,F6,runbook violations,fuzz,static,,schema_validation,True,runbook.injected_867,out-of-catalog unknown_field on runbook,runbook: Additional properties are not allowed ('injected_867' was unexpected)
F6-fuzz-cross_splice-021,F6,runbook violations,fuzz,static,,schema_validation,True,runbook.default_mode,out-of-catalog cross_splice on runbook,"runbook: 1100.0 is not one of ['offline_export', 'dry_run']"
F6-fuzz-cross_splice-022,F6,runbook violations,fuzz,static,,schema_validation,True,runbook.safety_note,out-of-catalog cross_splice on runbook,runbook: ['limit'] is not of type 'string'
F6-fuzz-cross_splice-023,F6,runbook violations,fuzz,static,,schema_validation,True,runbook.manual_approval_required,out-of-catalog cross_splice on runbook,runbook: True was expected
F6-fuzz-nesting_abuse-024,F6,runbook violations,fuzz,static,,schema_validation,True,runbook.incident_response_drill,out-of-catalog nesting_abuse on runbook,"runbook: [[{'depth': [{'affected_account_mode': 'paper', 'affected_symbols': ['BTC-USD', 'BTC=F', 'GSPC'], 'artifact_retention_path': 'outputs/examples/operator_runbook/live_session_retention/', 'kill_switch_action': 'set BrokerSafetyConfig"
F6-fuzz-retype_field-025,F6,runbook violations,fuzz,static,,schema_validation,True,runbook.live_submission,out-of-catalog retype_field on runbook,runbook: False was expected
F6-fuzz-free_text_tamper-026,F6,runbook violations,fuzz,static,,escape,False,capability.adapter_name,out-of-catalog free_text_tamper on runbook,passed all five layers and the sealed final gate
F6-fuzz-unknown_field-027,F6,runbook violations,fuzz,static,,schema_validation,True,runbook.injected_380,out-of-catalog unknown_field on runbook,runbook: Additional properties are not allowed ('injected_380' was unexpected)
F6-fuzz-free_text_tamper-028,F6,runbook violations,fuzz,static,,escape,False,capability.adapter_name,out-of-catalog free_text_tamper on runbook,passed all five layers and the sealed final gate
F6-fuzz-cross_splice-029,F6,runbook violations,fuzz,static,,schema_validation,True,runbook.incident_owner_required,out-of-catalog cross_splice on runbook,runbook: True was expected
F6-fuzz-nesting_abuse-030,F6,runbook violations,fuzz,static,,schema_validation,True,runbook.default_mode,out-of-catalog nesting_abuse on runbook,"runbook: [[{'depth': ['dry_run']}]] is not one of ['offline_export', 'dry_run']"
F6-fuzz-unknown_field-031,F6,runbook violations,fuzz,static,,schema_validation,True,runbook.injected_720,out-of-catalog unknown_field on runbook,runbook: Additional properties are not allowed ('injected_720' was unexpected)
F6-fuzz-nesting_abuse-032,F6,runbook violations,fuzz,static,,schema_validation,True,runbook.manual_approval_required,out-of-catalog nesting_abuse on runbook,runbook: True was expected
F6-fuzz-delete_field-033,F6,runbook violations,fuzz,static,,schema_validation,True,runbook.live_submission,out-of-catalog delete_field on runbook,runbook: 'live_submission' is a required property
F6-fuzz-delete_field-034,F6,runbook violations,fuzz,static,,schema_validation,True,runbook.approval_expiry_required,out-of-catalog delete_field on runbook,runbook: 'approval_expiry_required' is a required property
F6-fuzz-unknown_field-035,F6,runbook violations,fuzz,static,,schema_validation,True,runbook.injected_225,out-of-catalog unknown_field on runbook,runbook: Additional properties are not allowed ('injected_225' was unexpected)
F7-journal-rewrite-detail,F7,journal chain (aux),directed,static,orchestrator_revalidation,orchestrator_revalidation,True,journal,rewrite a journal entry payload without recomputing its hash,journal: line 1: entry_hash does not match entry content
F7-journal-delete-row,F7,journal chain (aux),directed,static,orchestrator_revalidation,orchestrator_revalidation,True,journal,delete a middle journal row and break the prev-hash chain,journal: line 2: prev_entry_hash does not match the previous entry
F7-journal-reorder,F7,journal chain (aux),directed,static,orchestrator_revalidation,orchestrator_revalidation,True,journal,reorder two journal rows and break the prev-hash chain,journal: line 2: prev_entry_hash does not match the previous entry
F7-journal-truncate-head,F7,journal chain (aux),directed,static,orchestrator_revalidation,orchestrator_revalidation,True,journal,drop the genesis journal row so the chain no longer roots at null,journal: line 1: prev_entry_hash does not match the previous entry
F7-journal-corrupt-json,F7,journal chain (aux),directed,static,orchestrator_revalidation,orchestrator_revalidation,True,journal,corrupt a journal row into invalid JSON,journal: line 1: invalid JSON
